Date,Fairfield Confirmed per 100k,Hartford Confirmed per 100k,Litchfield Confirmed per 100k,Middlesex Confirmed per 100k,New Haven Confirmed per 100k,New London Confirmed per 100k,Tolland Confirmed per 100k,Windham Confirmed per 100k,Fairfield Deaths per 100k,Hartford Deaths per 100k,Litchfield Deaths per 100k,Middlesex Deaths per 100k,New Haven Deaths per 100k,New London Deaths per 100k,Tolland Deaths per 100k,Windham Deaths per 100k,Fairfield Log Confirmed,Hartford Log Confirmed,Litchfield Log Confirmed,Middlesex Log Confirmed,New Haven Log Confirmed,New London Log Confirmed,Tolland Log Confirmed,Windham Log Confirmed,Fairfield Log Deaths,Hartford Log Deaths,Litchfield Log Deaths,Middlesex Log Deaths,New Haven Log Deaths,New London Log Deaths,Tolland Log Deaths,Windham Log Deaths,Fairfield New Cases,Hartford New Cases,Litchfield New Cases,Middlesex New Cases,New Haven New Cases,New London New Cases,Tolland New Cases,Windham New Cases,Fairfield New Deaths,Hartford New Deaths,Litchfield New Deaths,Middlesex New Deaths,New Haven New Deaths,New London New Deaths,Tolland New Deaths,Windham New Deaths,Fairfield Total Confirmed,Hartford Total Confirmed,Litchfield Total Confirmed,Middlesex Total Confirmed,New Haven Total Confirmed,New London Total Confirmed,Tolland Total Confirmed,Windham Total Confirmed,Fairfield Total Deaths,Hartford Total Deaths,Litchfield Total Deaths,Middlesex Total Deaths,New Haven Total Deaths,New London Total Deaths,Tolland Total Deaths,Windham Total Deaths
1/22/20,0.0,0.0,0.0,0.0,0.0,0.0,0.0,0.0,0.0,0.0,0.0,0.0,0.0,0.0,0.0,0.0,0.0,0.0,0.0,0.0,0.0,0.0,0.0,0.0,0.0,0.0,0.0,0.0,0.0,0.0,0.0,0.0,,,,,,,,,,,,,,,,,0,0,0,0,0,0,0,0,0,0,0,0,0,0,0,0
1/23/20,0.0,0.0,0.0,0.0,0.0,0.0,0.0,0.0,0.0,0.0,0.0,0.0,0.0,0.0,0.0,0.0,0.0,0.0,0.0,0.0,0.0,0.0,0.0,0.0,0.0,0.0,0.0,0.0,0.0,0.0,0.0,0.0,0.0,0.0,0.0,0.0,0.0,0.0,0.0,0.0,0.0,0.0,0.0,0.0,0.0,0.0,0.0,0.0,0,0,0,0,0,0,0,0,0,0,0,0,0,0,0,0
1/24/20,0.0,0.0,0.0,0.0,0.0,0.0,0.0,0.0,0.0,0.0,0.0,0.0,0.0,0.0,0.0,0.0,0.0,0.0,0.0,0.0,0.0,0.0,0.0,0.0,0.0,0.0,0.0,0.0,0.0,0.0,0.0,0.0,0.0,0.0,0.0,0.0,0.0,0.0,0.0,0.0,0.0,0.0,0.0,0.0,0.0,0.0,0.0,0.0,0,0,0,0,0,0,0,0,0,0,0,0,0,0,0,0
1/25/20,0.0,0.0,0.0,0.0,0.0,0.0,0.0,0.0,0.0,0.0,0.0,0.0,0.0,0.0,0.0,0.0,0.0,0.0,0.0,0.0,0.0,0.0,0.0,0.0,0.0,0.0,0.0,0.0,0.0,0.0,0.0,0.0,0.0,0.0,0.0,0.0,0.0,0.0,0.0,0.0,0.0,0.0,0.0,0.0,0.0,0.0,0.0,0.0,0,0,0,0,0,0,0,0,0,0,0,0,0,0,0,0
1/26/20,0.0,0.0,0.0,0.0,0.0,0.0,0.0,0.0,0.0,0.0,0.0,0.0,0.0,0.0,0.0,0.0,0.0,0.0,0.0,0.0,0.0,0.0,0.0,0.0,0.0,0.0,0.0,0.0,0.0,0.0,0.0,0.0,0.0,0.0,0.0,0.0,0.0,0.0,0.0,0.0,0.0,0.0,0.0,0.0,0.0,0.0,0.0,0.0,0,0,0,0,0,0,0,0,0,0,0,0,0,0,0,0
1/27/20,0.0,0.0,0.0,0.0,0.0,0.0,0.0,0.0,0.0,0.0,0.0,0.0,0.0,0.0,0.0,0.0,0.0,0.0,0.0,0.0,0.0,0.0,0.0,0.0,0.0,0.0,0.0,0.0,0.0,0.0,0.0,0.0,0.0,0.0,0.0,0.0,0.0,0.0,0.0,0.0,0.0,0.0,0.0,0.0,0.0,0.0,0.0,0.0,0,0,0,0,0,0,0,0,0,0,0,0,0,0,0,0
1/28/20,0.0,0.0,0.0,0.0,0.0,0.0,0.0,0.0,0.0,0.0,0.0,0.0,0.0,0.0,0.0,0.0,0.0,0.0,0.0,0.0,0.0,0.0,0.0,0.0,0.0,0.0,0.0,0.0,0.0,0.0,0.0,0.0,0.0,0.0,0.0,0.0,0.0,0.0,0.0,0.0,0.0,0.0,0.0,0.0,0.0,0.0,0.0,0.0,0,0,0,0,0,0,0,0,0,0,0,0,0,0,0,0
1/29/20,0.0,0.0,0.0,0.0,0.0,0.0,0.0,0.0,0.0,0.0,0.0,0.0,0.0,0.0,0.0,0.0,0.0,0.0,0.0,0.0,0.0,0.0,0.0,0.0,0.0,0.0,0.0,0.0,0.0,0.0,0.0,0.0,0.0,0.0,0.0,0.0,0.0,0.0,0.0,0.0,0.0,0.0,0.0,0.0,0.0,0.0,0.0,0.0,0,0,0,0,0,0,0,0,0,0,0,0,0,0,0,0
1/30/20,0.0,0.0,0.0,0.0,0.0,0.0,0.0,0.0,0.0,0.0,0.0,0.0,0.0,0.0,0.0,0.0,0.0,0.0,0.0,0.0,0.0,0.0,0.0,0.0,0.0,0.0,0.0,0.0,0.0,0.0,0.0,0.0,0.0,0.0,0.0,0.0,0.0,0.0,0.0,0.0,0.0,0.0,0.0,0.0,0.0,0.0,0.0,0.0,0,0,0,0,0,0,0,0,0,0,0,0,0,0,0,0
1/31/20,0.0,0.0,0.0,0.0,0.0,0.0,0.0,0.0,0.0,0.0,0.0,0.0,0.0,0.0,0.0,0.0,0.0,0.0,0.0,0.0,0.0,0.0,0.0,0.0,0.0,0.0,0.0,0.0,0.0,0.0,0.0,0.0,0.0,0.0,0.0,0.0,0.0,0.0,0.0,0.0,0.0,0.0,0.0,0.0,0.0,0.0,0.0,0.0,0,0,0,0,0,0,0,0,0,0,0,0,0,0,0,0
2/1/20,0.0,0.0,0.0,0.0,0.0,0.0,0.0,0.0,0.0,0.0,0.0,0.0,0.0,0.0,0.0,0.0,0.0,0.0,0.0,0.0,0.0,0.0,0.0,0.0,0.0,0.0,0.0,0.0,0.0,0.0,0.0,0.0,0.0,0.0,0.0,0.0,0.0,0.0,0.0,0.0,0.0,0.0,0.0,0.0,0.0,0.0,0.0,0.0,0,0,0,0,0,0,0,0,0,0,0,0,0,0,0,0
2/2/20,0.0,0.0,0.0,0.0,0.0,0.0,0.0,0.0,0.0,0.0,0.0,0.0,0.0,0.0,0.0,0.0,0.0,0.0,0.0,0.0,0.0,0.0,0.0,0.0,0.0,0.0,0.0,0.0,0.0,0.0,0.0,0.0,0.0,0.0,0.0,0.0,0.0,0.0,0.0,0.0,0.0,0.0,0.0,0.0,0.0,0.0,0.0,0.0,0,0,0,0,0,0,0,0,0,0,0,0,0,0,0,0
2/3/20,0.0,0.0,0.0,0.0,0.0,0.0,0.0,0.0,0.0,0.0,0.0,0.0,0.0,0.0,0.0,0.0,0.0,0.0,0.0,0.0,0.0,0.0,0.0,0.0,0.0,0.0,0.0,0.0,0.0,0.0,0.0,0.0,0.0,0.0,0.0,0.0,0.0,0.0,0.0,0.0,0.0,0.0,0.0,0.0,0.0,0.0,0.0,0.0,0,0,0,0,0,0,0,0,0,0,0,0,0,0,0,0
2/4/20,0.0,0.0,0.0,0.0,0.0,0.0,0.0,0.0,0.0,0.0,0.0,0.0,0.0,0.0,0.0,0.0,0.0,0.0,0.0,0.0,0.0,0.0,0.0,0.0,0.0,0.0,0.0,0.0,0.0,0.0,0.0,0.0,0.0,0.0,0.0,0.0,0.0,0.0,0.0,0.0,0.0,0.0,0.0,0.0,0.0,0.0,0.0,0.0,0,0,0,0,0,0,0,0,0,0,0,0,0,0,0,0
2/5/20,0.0,0.0,0.0,0.0,0.0,0.0,0.0,0.0,0.0,0.0,0.0,0.0,0.0,0.0,0.0,0.0,0.0,0.0,0.0,0.0,0.0,0.0,0.0,0.0,0.0,0.0,0.0,0.0,0.0,0.0,0.0,0.0,0.0,0.0,0.0,0.0,0.0,0.0,0.0,0.0,0.0,0.0,0.0,0.0,0.0,0.0,0.0,0.0,0,0,0,0,0,0,0,0,0,0,0,0,0,0,0,0
2/6/20,0.0,0.0,0.0,0.0,0.0,0.0,0.0,0.0,0.0,0.0,0.0,0.0,0.0,0.0,0.0,0.0,0.0,0.0,0.0,0.0,0.0,0.0,0.0,0.0,0.0,0.0,0.0,0.0,0.0,0.0,0.0,0.0,0.0,0.0,0.0,0.0,0.0,0.0,0.0,0.0,0.0,0.0,0.0,0.0,0.0,0.0,0.0,0.0,0,0,0,0,0,0,0,0,0,0,0,0,0,0,0,0
2/7/20,0.0,0.0,0.0,0.0,0.0,0.0,0.0,0.0,0.0,0.0,0.0,0.0,0.0,0.0,0.0,0.0,0.0,0.0,0.0,0.0,0.0,0.0,0.0,0.0,0.0,0.0,0.0,0.0,0.0,0.0,0.0,0.0,0.0,0.0,0.0,0.0,0.0,0.0,0.0,0.0,0.0,0.0,0.0,0.0,0.0,0.0,0.0,0.0,0,0,0,0,0,0,0,0,0,0,0,0,0,0,0,0
2/8/20,0.0,0.0,0.0,0.0,0.0,0.0,0.0,0.0,0.0,0.0,0.0,0.0,0.0,0.0,0.0,0.0,0.0,0.0,0.0,0.0,0.0,0.0,0.0,0.0,0.0,0.0,0.0,0.0,0.0,0.0,0.0,0.0,0.0,0.0,0.0,0.0,0.0,0.0,0.0,0.0,0.0,0.0,0.0,0.0,0.0,0.0,0.0,0.0,0,0,0,0,0,0,0,0,0,0,0,0,0,0,0,0
2/9/20,0.0,0.0,0.0,0.0,0.0,0.0,0.0,0.0,0.0,0.0,0.0,0.0,0.0,0.0,0.0,0.0,0.0,0.0,0.0,0.0,0.0,0.0,0.0,0.0,0.0,0.0,0.0,0.0,0.0,0.0,0.0,0.0,0.0,0.0,0.0,0.0,0.0,0.0,0.0,0.0,0.0,0.0,0.0,0.0,0.0,0.0,0.0,0.0,0,0,0,0,0,0,0,0,0,0,0,0,0,0,0,0
2/10/20,0.0,0.0,0.0,0.0,0.0,0.0,0.0,0.0,0.0,0.0,0.0,0.0,0.0,0.0,0.0,0.0,0.0,0.0,0.0,0.0,0.0,0.0,0.0,0.0,0.0,0.0,0.0,0.0,0.0,0.0,0.0,0.0,0.0,0.0,0.0,0.0,0.0,0.0,0.0,0.0,0.0,0.0,0.0,0.0,0.0,0.0,0.0,0.0,0,0,0,0,0,0,0,0,0,0,0,0,0,0,0,0
2/11/20,0.0,0.0,0.0,0.0,0.0,0.0,0.0,0.0,0.0,0.0,0.0,0.0,0.0,0.0,0.0,0.0,0.0,0.0,0.0,0.0,0.0,0.0,0.0,0.0,0.0,0.0,0.0,0.0,0.0,0.0,0.0,0.0,0.0,0.0,0.0,0.0,0.0,0.0,0.0,0.0,0.0,0.0,0.0,0.0,0.0,0.0,0.0,0.0,0,0,0,0,0,0,0,0,0,0,0,0,0,0,0,0
2/12/20,0.0,0.0,0.0,0.0,0.0,0.0,0.0,0.0,0.0,0.0,0.0,0.0,0.0,0.0,0.0,0.0,0.0,0.0,0.0,0.0,0.0,0.0,0.0,0.0,0.0,0.0,0.0,0.0,0.0,0.0,0.0,0.0,0.0,0.0,0.0,0.0,0.0,0.0,0.0,0.0,0.0,0.0,0.0,0.0,0.0,0.0,0.0,0.0,0,0,0,0,0,0,0,0,0,0,0,0,0,0,0,0
2/13/20,0.0,0.0,0.0,0.0,0.0,0.0,0.0,0.0,0.0,0.0,0.0,0.0,0.0,0.0,0.0,0.0,0.0,0.0,0.0,0.0,0.0,0.0,0.0,0.0,0.0,0.0,0.0,0.0,0.0,0.0,0.0,0.0,0.0,0.0,0.0,0.0,0.0,0.0,0.0,0.0,0.0,0.0,0.0,0.0,0.0,0.0,0.0,0.0,0,0,0,0,0,0,0,0,0,0,0,0,0,0,0,0
2/14/20,0.0,0.0,0.0,0.0,0.0,0.0,0.0,0.0,0.0,0.0,0.0,0.0,0.0,0.0,0.0,0.0,0.0,0.0,0.0,0.0,0.0,0.0,0.0,0.0,0.0,0.0,0.0,0.0,0.0,0.0,0.0,0.0,0.0,0.0,0.0,0.0,0.0,0.0,0.0,0.0,0.0,0.0,0.0,0.0,0.0,0.0,0.0,0.0,0,0,0,0,0,0,0,0,0,0,0,0,0,0,0,0
2/15/20,0.0,0.0,0.0,0.0,0.0,0.0,0.0,0.0,0.0,0.0,0.0,0.0,0.0,0.0,0.0,0.0,0.0,0.0,0.0,0.0,0.0,0.0,0.0,0.0,0.0,0.0,0.0,0.0,0.0,0.0,0.0,0.0,0.0,0.0,0.0,0.0,0.0,0.0,0.0,0.0,0.0,0.0,0.0,0.0,0.0,0.0,0.0,0.0,0,0,0,0,0,0,0,0,0,0,0,0,0,0,0,0
2/16/20,0.0,0.0,0.0,0.0,0.0,0.0,0.0,0.0,0.0,0.0,0.0,0.0,0.0,0.0,0.0,0.0,0.0,0.0,0.0,0.0,0.0,0.0,0.0,0.0,0.0,0.0,0.0,0.0,0.0,0.0,0.0,0.0,0.0,0.0,0.0,0.0,0.0,0.0,0.0,0.0,0.0,0.0,0.0,0.0,0.0,0.0,0.0,0.0,0,0,0,0,0,0,0,0,0,0,0,0,0,0,0,0
2/17/20,0.0,0.0,0.0,0.0,0.0,0.0,0.0,0.0,0.0,0.0,0.0,0.0,0.0,0.0,0.0,0.0,0.0,0.0,0.0,0.0,0.0,0.0,0.0,0.0,0.0,0.0,0.0,0.0,0.0,0.0,0.0,0.0,0.0,0.0,0.0,0.0,0.0,0.0,0.0,0.0,0.0,0.0,0.0,0.0,0.0,0.0,0.0,0.0,0,0,0,0,0,0,0,0,0,0,0,0,0,0,0,0
2/18/20,0.0,0.0,0.0,0.0,0.0,0.0,0.0,0.0,0.0,0.0,0.0,0.0,0.0,0.0,0.0,0.0,0.0,0.0,0.0,0.0,0.0,0.0,0.0,0.0,0.0,0.0,0.0,0.0,0.0,0.0,0.0,0.0,0.0,0.0,0.0,0.0,0.0,0.0,0.0,0.0,0.0,0.0,0.0,0.0,0.0,0.0,0.0,0.0,0,0,0,0,0,0,0,0,0,0,0,0,0,0,0,0
2/19/20,0.0,0.0,0.0,0.0,0.0,0.0,0.0,0.0,0.0,0.0,0.0,0.0,0.0,0.0,0.0,0.0,0.0,0.0,0.0,0.0,0.0,0.0,0.0,0.0,0.0,0.0,0.0,0.0,0.0,0.0,0.0,0.0,0.0,0.0,0.0,0.0,0.0,0.0,0.0,0.0,0.0,0.0,0.0,0.0,0.0,0.0,0.0,0.0,0,0,0,0,0,0,0,0,0,0,0,0,0,0,0,0
2/20/20,0.0,0.0,0.0,0.0,0.0,0.0,0.0,0.0,0.0,0.0,0.0,0.0,0.0,0.0,0.0,0.0,0.0,0.0,0.0,0.0,0.0,0.0,0.0,0.0,0.0,0.0,0.0,0.0,0.0,0.0,0.0,0.0,0.0,0.0,0.0,0.0,0.0,0.0,0.0,0.0,0.0,0.0,0.0,0.0,0.0,0.0,0.0,0.0,0,0,0,0,0,0,0,0,0,0,0,0,0,0,0,0
2/21/20,0.0,0.0,0.0,0.0,0.0,0.0,0.0,0.0,0.0,0.0,0.0,0.0,0.0,0.0,0.0,0.0,0.0,0.0,0.0,0.0,0.0,0.0,0.0,0.0,0.0,0.0,0.0,0.0,0.0,0.0,0.0,0.0,0.0,0.0,0.0,0.0,0.0,0.0,0.0,0.0,0.0,0.0,0.0,0.0,0.0,0.0,0.0,0.0,0,0,0,0,0,0,0,0,0,0,0,0,0,0,0,0
2/22/20,0.0,0.0,0.0,0.0,0.0,0.0,0.0,0.0,0.0,0.0,0.0,0.0,0.0,0.0,0.0,0.0,0.0,0.0,0.0,0.0,0.0,0.0,0.0,0.0,0.0,0.0,0.0,0.0,0.0,0.0,0.0,0.0,0.0,0.0,0.0,0.0,0.0,0.0,0.0,0.0,0.0,0.0,0.0,0.0,0.0,0.0,0.0,0.0,0,0,0,0,0,0,0,0,0,0,0,0,0,0,0,0
2/23/20,0.0,0.0,0.0,0.0,0.0,0.0,0.0,0.0,0.0,0.0,0.0,0.0,0.0,0.0,0.0,0.0,0.0,0.0,0.0,0.0,0.0,0.0,0.0,0.0,0.0,0.0,0.0,0.0,0.0,0.0,0.0,0.0,0.0,0.0,0.0,0.0,0.0,0.0,0.0,0.0,0.0,0.0,0.0,0.0,0.0,0.0,0.0,0.0,0,0,0,0,0,0,0,0,0,0,0,0,0,0,0,0
2/24/20,0.0,0.0,0.0,0.0,0.0,0.0,0.0,0.0,0.0,0.0,0.0,0.0,0.0,0.0,0.0,0.0,0.0,0.0,0.0,0.0,0.0,0.0,0.0,0.0,0.0,0.0,0.0,0.0,0.0,0.0,0.0,0.0,0.0,0.0,0.0,0.0,0.0,0.0,0.0,0.0,0.0,0.0,0.0,0.0,0.0,0.0,0.0,0.0,0,0,0,0,0,0,0,0,0,0,0,0,0,0,0,0
2/25/20,0.0,0.0,0.0,0.0,0.0,0.0,0.0,0.0,0.0,0.0,0.0,0.0,0.0,0.0,0.0,0.0,0.0,0.0,0.0,0.0,0.0,0.0,0.0,0.0,0.0,0.0,0.0,0.0,0.0,0.0,0.0,0.0,0.0,0.0,0.0,0.0,0.0,0.0,0.0,0.0,0.0,0.0,0.0,0.0,0.0,0.0,0.0,0.0,0,0,0,0,0,0,0,0,0,0,0,0,0,0,0,0
2/26/20,0.0,0.0,0.0,0.0,0.0,0.0,0.0,0.0,0.0,0.0,0.0,0.0,0.0,0.0,0.0,0.0,0.0,0.0,0.0,0.0,0.0,0.0,0.0,0.0,0.0,0.0,0.0,0.0,0.0,0.0,0.0,0.0,0.0,0.0,0.0,0.0,0.0,0.0,0.0,0.0,0.0,0.0,0.0,0.0,0.0,0.0,0.0,0.0,0,0,0,0,0,0,0,0,0,0,0,0,0,0,0,0
2/27/20,0.0,0.0,0.0,0.0,0.0,0.0,0.0,0.0,0.0,0.0,0.0,0.0,0.0,0.0,0.0,0.0,0.0,0.0,0.0,0.0,0.0,0.0,0.0,0.0,0.0,0.0,0.0,0.0,0.0,0.0,0.0,0.0,0.0,0.0,0.0,0.0,0.0,0.0,0.0,0.0,0.0,0.0,0.0,0.0,0.0,0.0,0.0,0.0,0,0,0,0,0,0,0,0,0,0,0,0,0,0,0,0
2/28/20,0.0,0.0,0.0,0.0,0.0,0.0,0.0,0.0,0.0,0.0,0.0,0.0,0.0,0.0,0.0,0.0,0.0,0.0,0.0,0.0,0.0,0.0,0.0,0.0,0.0,0.0,0.0,0.0,0.0,0.0,0.0,0.0,0.0,0.0,0.0,0.0,0.0,0.0,0.0,0.0,0.0,0.0,0.0,0.0,0.0,0.0,0.0,0.0,0,0,0,0,0,0,0,0,0,0,0,0,0,0,0,0
2/29/20,0.0,0.0,0.0,0.0,0.0,0.0,0.0,0.0,0.0,0.0,0.0,0.0,0.0,0.0,0.0,0.0,0.0,0.0,0.0,0.0,0.0,0.0,0.0,0.0,0.0,0.0,0.0,0.0,0.0,0.0,0.0,0.0,0.0,0.0,0.0,0.0,0.0,0.0,0.0,0.0,0.0,0.0,0.0,0.0,0.0,0.0,0.0,0.0,0,0,0,0,0,0,0,0,0,0,0,0,0,0,0,0
3/1/20,0.0,0.0,0.0,0.0,0.0,0.0,0.0,0.0,0.0,0.0,0.0,0.0,0.0,0.0,0.0,0.0,0.0,0.0,0.0,0.0,0.0,0.0,0.0,0.0,0.0,0.0,0.0,0.0,0.0,0.0,0.0,0.0,0.0,0.0,0.0,0.0,0.0,0.0,0.0,0.0,0.0,0.0,0.0,0.0,0.0,0.0,0.0,0.0,0,0,0,0,0,0,0,0,0,0,0,0,0,0,0,0
3/2/20,0.0,0.0,0.0,0.0,0.0,0.0,0.0,0.0,0.0,0.0,0.0,0.0,0.0,0.0,0.0,0.0,0.0,0.0,0.0,0.0,0.0,0.0,0.0,0.0,0.0,0.0,0.0,0.0,0.0,0.0,0.0,0.0,0.0,0.0,0.0,0.0,0.0,0.0,0.0,0.0,0.0,0.0,0.0,0.0,0.0,0.0,0.0,0.0,0,0,0,0,0,0,0,0,0,0,0,0,0,0,0,0
3/3/20,0.0,0.0,0.0,0.0,0.0,0.0,0.0,0.0,0.0,0.0,0.0,0.0,0.0,0.0,0.0,0.0,0.0,0.0,0.0,0.0,0.0,0.0,0.0,0.0,0.0,0.0,0.0,0.0,0.0,0.0,0.0,0.0,0.0,0.0,0.0,0.0,0.0,0.0,0.0,0.0,0.0,0.0,0.0,0.0,0.0,0.0,0.0,0.0,0,0,0,0,0,0,0,0,0,0,0,0,0,0,0,0
3/4/20,0.0,0.0,0.0,0.0,0.0,0.0,0.0,0.0,0.0,0.0,0.0,0.0,0.0,0.0,0.0,0.0,0.0,0.0,0.0,0.0,0.0,0.0,0.0,0.0,0.0,0.0,0.0,0.0,0.0,0.0,0.0,0.0,0.0,0.0,0.0,0.0,0.0,0.0,0.0,0.0,0.0,0.0,0.0,0.0,0.0,0.0,0.0,0.0,0,0,0,0,0,0,0,0,0,0,0,0,0,0,0,0
3/5/20,0.0,0.0,0.0,0.0,0.0,0.0,0.0,0.0,0.0,0.0,0.0,0.0,0.0,0.0,0.0,0.0,0.0,0.0,0.0,0.0,0.0,0.0,0.0,0.0,0.0,0.0,0.0,0.0,0.0,0.0,0.0,0.0,0.0,0.0,0.0,0.0,0.0,0.0,0.0,0.0,0.0,0.0,0.0,0.0,0.0,0.0,0.0,0.0,0,0,0,0,0,0,0,0,0,0,0,0,0,0,0,0
3/6/20,0.0,0.0,0.0,0.0,0.0,0.0,0.0,0.0,0.0,0.0,0.0,0.0,0.0,0.0,0.0,0.0,0.0,0.0,0.0,0.0,0.0,0.0,0.0,0.0,0.0,0.0,0.0,0.0,0.0,0.0,0.0,0.0,0.0,0.0,0.0,0.0,0.0,0.0,0.0,0.0,0.0,0.0,0.0,0.0,0.0,0.0,0.0,0.0,0,0,0,0,0,0,0,0,0,0,0,0,0,0,0,0
3/7/20,0.0,0.0,0.0,0.0,0.0,0.0,0.0,0.0,0.0,0.0,0.0,0.0,0.0,0.0,0.0,0.0,0.0,0.0,0.0,0.0,0.0,0.0,0.0,0.0,0.0,0.0,0.0,0.0,0.0,0.0,0.0,0.0,0.0,0.0,0.0,0.0,0.0,0.0,0.0,0.0,0.0,0.0,0.0,0.0,0.0,0.0,0.0,0.0,0,0,0,0,0,0,0,0,0,0,0,0,0,0,0,0
3/8/20,0.0,0.0,0.0,0.0,0.0,0.0,0.0,0.0,0.0,0.0,0.0,0.0,0.0,0.0,0.0,0.0,0.0,0.0,0.0,0.0,0.0,0.0,0.0,0.0,0.0,0.0,0.0,0.0,0.0,0.0,0.0,0.0,0.0,0.0,0.0,0.0,0.0,0.0,0.0,0.0,0.0,0.0,0.0,0.0,0.0,0.0,0.0,0.0,0,0,0,0,0,0,0,0,0,0,0,0,0,0,0,0
3/9/20,0.0,0.0,0.0,0.0,0.0,0.0,0.0,0.0,0.0,0.0,0.0,0.0,0.0,0.0,0.0,0.0,0.0,0.0,0.0,0.0,0.0,0.0,0.0,0.0,0.0,0.0,0.0,0.0,0.0,0.0,0.0,0.0,0.0,0.0,0.0,0.0,0.0,0.0,0.0,0.0,0.0,0.0,0.0,0.0,0.0,0.0,0.0,0.0,0,0,0,0,0,0,0,0,0,0,0,0,0,0,0,0
3/10/20,0.10600721697133142,0.0,0.0,0.0,0.0,0.0,0.0,0.0,0.0,0.0,0.0,0.0,0.0,0.0,0.0,0.0,0.3010299956639812,0.0,0.0,0.0,0.0,0.0,0.0,0.0,0.0,0.0,0.0,0.0,0.0,0.0,0.0,0.0,1.0,0.0,0.0,0.0,0.0,0.0,0.0,0.0,0.0,0.0,0.0,0.0,0.0,0.0,0.0,0.0,1,0,0,0,0,0,0,0,0,0,0,0,0,0,0,0
3/11/20,0.21201443394266284,0.0,0.5545296756555927,0.0,0.0,0.0,0.0,0.0,0.0,0.0,0.0,0.0,0.0,0.0,0.0,0.0,0.47712125471966244,0.0,0.3010299956639812,0.0,0.0,0.0,0.0,0.0,0.0,0.0,0.0,0.0,0.0,0.0,0.0,0.0,1.0,0.0,1.0,0.0,0.0,0.0,0.0,0.0,0.0,0.0,0.0,0.0,0.0,0.0,0.0,0.0,2,0,1,0,0,0,0,0,0,0,0,0,0,0,0,0
3/12/20,0.4240288678853257,0.0,0.5545296756555927,0.0,0.0,0.0,0.0,0.0,0.0,0.0,0.0,0.0,0.0,0.0,0.0,0.0,0.6989700043360189,0.0,0.3010299956639812,0.0,0.0,0.0,0.0,0.0,0.0,0.0,0.0,0.0,0.0,0.0,0.0,0.0,2.0,0.0,0.0,0.0,0.0,0.0,0.0,0.0,0.0,0.0,0.0,0.0,0.0,0.0,0.0,0.0,4,0,1,0,0,0,0,0,0,0,0,0,0,0,0,0
3/13/20,0.8480577357706514,0.0,1.6635890269667784,0.0,0.0,0.0,0.0,0.0,0.0,0.0,0.0,0.0,0.0,0.0,0.0,0.0,0.9542425094393249,0.0,0.6020599913279624,0.0,0.0,0.0,0.0,0.0,0.0,0.0,0.0,0.0,0.0,0.0,0.0,0.0,4.0,0.0,2.0,0.0,0.0,0.0,0.0,0.0,0.0,0.0,0.0,0.0,0.0,0.0,0.0,0.0,8,0,3,0,0,0,0,0,0,0,0,0,0,0,0,0
3/14/20,1.5901082545699712,0.11214282510204998,1.6635890269667784,0.0,0.46796925909936976,0.0,0.0,0.0,0.0,0.0,0.0,0.0,0.0,0.0,0.0,0.0,1.2041199826559248,0.3010299956639812,0.6020599913279624,0.0,0.6989700043360189,0.0,0.0,0.0,0.0,0.0,0.0,0.0,0.0,0.0,0.0,0.0,7.0,1.0,0.0,0.0,4.0,0.0,0.0,0.0,0.0,0.0,0.0,0.0,0.0,0.0,0.0,0.0,15,1,3,0,4,0,0,0,0,0,0,0,0,0,0,0
3/15/20,1.5901082545699712,0.22428565020409996,1.6635890269667784,0.0,0.46796925909936976,0.0,0.0,0.0,0.0,0.0,0.0,0.0,0.0,0.0,0.0,0.0,1.2041199826559248,0.47712125471966244,0.6020599913279624,0.0,0.6989700043360189,0.0,0.0,0.0,0.0,0.0,0.0,0.0,0.0,0.0,0.0,0.0,0.0,1.0,0.0,0.0,0.0,0.0,0.0,0.0,0.0,0.0,0.0,0.0,0.0,0.0,0.0,0.0,15,2,3,0,4,0,0,0,0,0,0,0,0,0,0,0
3/16/20,3.0742092921686113,0.4485713004081999,2.218118702622371,0.0,0.46796925909936976,0.0,0.0,0.0,0.0,0.0,0.0,0.0,0.0,0.0,0.0,0.0,1.4771212547196624,0.6989700043360189,0.6989700043360189,0.0,0.6989700043360189,0.0,0.0,0.0,0.0,0.0,0.0,0.0,0.0,0.0,0.0,0.0,14.0,2.0,1.0,0.0,0.0,0.0,0.0,0.0,0.0,0.0,0.0,0.0,0.0,0.0,0.0,0.0,29,4,4,0,4,0,0,0,0,0,0,0,0,0,0,0
3/17/20,5.088346414623907,0.7849997757143498,2.772648378277964,0.0,0.9359385181987395,0.0,0.0,0.0,0.0,0.0,0.0,0.0,0.0,0.0,0.0,0.0,1.6901960800285136,0.9030899869919435,0.7781512503836436,0.0,0.9542425094393249,0.0,0.0,0.0,0.0,0.0,0.0,0.0,0.0,0.0,0.0,0.0,19.0,3.0,1.0,0.0,4.0,0.0,0.0,0.0,0.0,0.0,0.0,0.0,0.0,0.0,0.0,0.0,48,7,5,0,8,0,0,0,0,0,0,0,0,0,0,0
3/18/20,7.314497971021868,1.2335710761225496,2.772648378277964,0.6156270777413874,1.1699231477484244,0.0,0.0,0.0,0.10600721697133142,0.0,0.0,0.0,0.0,0.0,0.0,0.0,1.845098040014257,1.0791812460476249,0.7781512503836436,0.3010299956639812,1.0413926851582251,0.0,0.0,0.0,0.3010299956639812,0.0,0.0,0.0,0.0,0.0,0.0,0.0,21.0,4.0,0.0,1.0,2.0,0.0,0.0,0.0,1.0,0.0,0.0,0.0,0.0,0.0,0.0,0.0,69,11,5,1,10,0,0,0,1,0,0,0,0,0,0,0
3/19/20,10.812736131075804,2.0185708518368997,3.8817077295891487,1.846881233224162,2.690823239821376,0.0,2.653910204948216,0.0,0.3180216509139942,0.0,0.0,0.0,0.0,0.0,0.0,0.0,2.012837224705172,1.2787536009528289,0.9030899869919435,0.6020599913279624,1.380211241711606,0.0,0.6989700043360189,0.0,0.6020599913279624,0.0,0.0,0.0,0.0,0.0,0.0,0.0,33.0,7.0,2.0,2.0,13.0,0.0,4.0,0.0,2.0,0.0,0.0,0.0,0.0,0.0,0.0,0.0,102,18,7,3,23,0,4,0,3,0,0,0,0,0,0,0
3/20/20,12.932880470502433,3.2521419279594492,4.436237405244742,3.078135388706937,2.690823239821376,0.3770653755948206,2.653910204948216,1.7125926940795673,0.4240288678853257,0.0,0.0,0.0,0.0,0.0,0.0,0.0,2.089905111439398,1.4771212547196624,0.9542425094393249,0.7781512503836436,1.380211241711606,0.3010299956639812,0.6989700043360189,0.47712125471966244,0.6989700043360189,0.0,0.0,0.0,0.0,0.0,0.0,0.0,20.0,11.0,1.0,2.0,0.0,1.0,0.0,2.0,1.0,0.0,0.0,0.0,0.0,0.0,0.0,0.0,122,29,8,5,23,1,4,2,4,0,0,0,0,0,0,0
3/21/20,12.932880470502433,3.2521419279594492,4.436237405244742,3.078135388706937,2.690823239821376,0.3770653755948206,2.653910204948216,1.7125926940795673,0.4240288678853257,0.0,0.0,0.0,0.0,0.0,0.0,0.0,2.089905111439398,1.4771212547196624,0.9542425094393249,0.7781512503836436,1.380211241711606,0.3010299956639812,0.6989700043360189,0.47712125471966244,0.6989700043360189,0.0,0.0,0.0,0.0,0.0,0.0,0.0,0.0,0.0,0.0,0.0,0.0,0.0,0.0,0.0,0.0,0.0,0.0,0.0,0.0,0.0,0.0,0.0,122,29,8,5,23,1,4,2,4,0,0,0,0,0,0,0
3/22/20,22.049501130036933,6.0557125555106985,6.654356107867113,3.693762466448324,3.3927771284704304,1.131196126784462,9.288685717318755,0.8562963470397836,0.5300360848566571,0.11214282510204998,0.0,0.0,0.0,0.0,1.326955102474108,0.0,2.3201462861110542,1.7403626894942439,1.1139433523068367,0.8450980400142568,1.4771212547196624,0.6020599913279624,1.1760912590556813,0.3010299956639812,0.7781512503836436,0.3010299956639812,0.0,0.0,0.0,0.0,0.47712125471966244,0.0,86.0,25.0,4.0,1.0,6.0,2.0,10.0,-1.0,1.0,1.0,0.0,0.0,0.0,0.0,2.0,0.0,208,54,12,6,29,3,14,1,5,1,0,0,0,0,2,0
3/23/20,28.62194858225948,6.840712331225047,7.208885783522705,4.925016621931099,4.79668490576854,1.5082615023792825,10.615640819792864,1.7125926940795673,0.6360433018279884,0.22428565020409996,0.0,0.0,0.0,0.0,1.326955102474108,0.0,2.432969290874406,1.792391689498254,1.146128035678238,0.9542425094393249,1.6232492903979006,0.6989700043360189,1.2304489213782739,0.47712125471966244,0.8450980400142568,0.47712125471966244,0.0,0.0,0.0,0.0,0.47712125471966244,0.0,62.0,7.0,1.0,2.0,12.0,1.0,2.0,1.0,1.0,1.0,0.0,0.0,0.0,0.0,0.0,0.0,270,61,13,8,41,4,16,2,6,2,0,0,0,0,2,0
3/24/20,40.70677131699126,9.868568608980397,12.199652864423038,4.925016621931099,10.412316014960977,2.262392253568924,12.606073473504024,1.7125926940795673,0.7420505187993198,0.22428565020409996,0.0,0.0,0.0,0.0,1.9904326537111618,0.0,2.5854607295085006,1.9493900066449128,1.3617278360175928,0.9542425094393249,1.954242509439325,0.8450980400142568,1.3010299956639813,0.47712125471966244,0.9030899869919435,0.47712125471966244,0.0,0.0,0.0,0.0,0.6020599913279624,0.0,114.0,27.0,9.0,0.0,48.0,2.0,3.0,0.0,1.0,0.0,0.0,0.0,0.0,0.0,1.0,0.0,384,88,22,8,89,6,19,2,7,2,0,0,0,0,3,0
3/25/20,57.879940466346945,13.008567711837797,18.29947929663456,9.234406166120811,14.858023976404992,3.3935883803533855,17.913893883400455,1.7125926940795673,1.2720866036559768,0.22428565020409996,0.0,0.0,0.23398462954968488,0.0,1.9904326537111618,0.0,2.737987326333431,2.0681858617461617,1.5314789170422551,1.2041199826559248,2.1072099696478683,1.0,1.4471580313422192,0.47712125471966244,1.1139433523068367,0.47712125471966244,0.0,0.0,0.47712125471966244,0.0,0.6020599913279624,0.0,162.0,28.0,11.0,7.0,38.0,3.0,8.0,0.0,5.0,0.0,0.0,0.0,2.0,0.0,0.0,0.0,546,116,33,15,127,9,27,2,12,2,0,0,2,0,3,0
3/26/20,64.34638070159816,15.475709864082896,24.399305728846077,11.081287399344973,18.25080110487542,4.901849882732669,21.89475919082278,2.5688890411193506,1.3780938206273083,0.22428565020409996,0.0,0.6156270777413874,0.23398462954968488,0.0,1.9904326537111618,0.0,2.783903579272735,2.143014800254095,1.6532125137753437,1.2787536009528289,2.1958996524092336,1.146128035678238,1.5314789170422551,0.6020599913279624,1.146128035678238,0.47712125471966244,0.0,0.3010299956639812,0.47712125471966244,0.0,0.6020599913279624,0.0,61.0,22.0,11.0,3.0,29.0,4.0,6.0,1.0,1.0,0.0,0.0,1.0,0.0,0.0,0.0,0.0,607,138,44,18,156,13,33,3,13,2,0,1,2,0,3,0
3/27/20,79.71742716244123,21.194993944287443,28.83554313409082,15.390676943534686,25.972293880015023,5.655980633922309,21.89475919082278,2.5688890411193506,1.5901082545699712,0.22428565020409996,0.0,0.6156270777413874,0.7019538886490546,0.0,1.9904326537111618,0.0,2.8767949762007006,2.278753600952829,1.724275869600789,1.414973347970818,2.3483048630481607,1.2041199826559248,1.5314789170422551,0.6020599913279624,1.2041199826559248,0.47712125471966244,0.0,0.3010299956639812,0.8450980400142568,0.0,0.6020599913279624,0.0,145.0,51.0,8.0,7.0,66.0,2.0,0.0,0.0,2.0,0.0,0.0,0.0,4.0,0.0,0.0,0.0,752,189,52,25,222,15,33,3,15,2,0,1,6,0,3,0
3/28/20,96.25455300996892,25.56856412326739,36.04442891761352,17.23755817675885,27.610186286862817,7.164242136301592,24.548669395770993,2.5688890411193506,2.1201443394266284,0.22428565020409996,0.0,0.6156270777413874,0.7019538886490546,0.0,2.653910204948216,0.0,2.9585638832219674,2.359835482339888,1.8195439355418688,1.462397997898956,2.374748346010104,1.3010299956639813,1.5797835966168101,0.6020599913279624,1.3222192947339193,0.47712125471966244,0.0,0.3010299956639812,0.8450980400142568,0.0,0.6989700043360189,0.0,156.0,39.0,13.0,3.0,14.0,4.0,4.0,0.0,5.0,0.0,0.0,0.0,0.0,0.0,1.0,0.0,908,228,65,28,236,19,37,3,20,2,0,1,6,0,4,0
3/29/20,131.9789851293076,30.951419728165792,48.24408178203657,23.393828954172722,32.757848136955886,7.541307511896413,26.539102049482157,5.994074429278485,2.2261515563979595,0.22428565020409996,0.0,0.6156270777413874,0.7019538886490546,0.0,2.653910204948216,0.0,3.095518042323151,2.4424797690644486,1.9444826721501687,1.591064607026499,2.44870631990508,1.3222192947339193,1.6127838567197355,0.9030899869919435,1.3424226808222062,0.47712125471966244,0.0,0.3010299956639812,0.8450980400142568,0.0,0.6989700043360189,0.0,337.0,48.0,22.0,10.0,44.0,1.0,3.0,4.0,1.0,0.0,0.0,0.0,0.0,0.0,0.0,0.0,1245,276,87,38,280,20,40,7,21,2,0,1,6,0,4,0
3/30/20,153.18042852357388,37.00713228367649,62.66185334908198,30.781353887069372,43.63813341101623,9.049569014275695,33.1738775618527,8.562963470397836,2.2261515563979595,0.3364284753061499,0.5545296756555927,0.6156270777413874,0.7019538886490546,0.0,2.653910204948216,0.0,3.160168292958512,2.519827993775719,2.0569048513364727,1.7075701760979363,2.5728716022004803,1.3979400086720377,1.7075701760979363,1.0413926851582251,1.3424226808222062,0.6020599913279624,0.3010299956639812,0.3010299956639812,0.8450980400142568,0.0,0.6989700043360189,0.0,200.0,54.0,26.0,12.0,93.0,4.0,10.0,3.0,0.0,1.0,1.0,0.0,0.0,0.0,0.0,0.0,1445,330,113,50,373,24,50,10,21,3,1,1,6,0,4,0
3/31/20,198.23349573638976,44.072130265105635,67.09809075432672,34.4751163535177,60.48502673859354,10.180765141060158,37.15474286927502,9.419259817437618,4.028274244910594,0.7849997757143498,0.5545296756555927,0.6156270777413874,1.4039077772981092,0.3770653755948206,4.644342858659377,0.0,3.27207378750001,2.595496221825574,2.0863598306747484,1.7558748556724915,2.714329759745233,1.4471580313422192,1.7558748556724915,1.0791812460476249,1.591064607026499,0.9030899869919435,0.3010299956639812,0.3010299956639812,1.1139433523068367,0.3010299956639812,0.9030899869919435,0.0,425.0,63.0,8.0,6.0,144.0,3.0,6.0,1.0,17.0,4.0,0.0,0.0,6.0,1.0,3.0,0.0,1870,393,121,56,517,27,56,11,38,7,1,1,12,1,7,0
4/1/20,210.5303329050642,52.59498497286143,72.64338751088265,40.631387130931564,71.48230432742874,10.934895892249799,40.47213062546029,16.269630593755885,4.876331980681245,1.2335710761225496,0.5545296756555927,1.2312541554827747,1.7548847216226364,0.3770653755948206,4.644342858659377,0.0,3.298197867109815,2.6720978579357175,2.12057393120585,1.8260748027008264,2.7867514221455614,1.4771212547196624,1.792391689498254,1.3010299956639813,1.6720978579357175,1.0791812460476249,0.3010299956639812,0.47712125471966244,1.2041199826559248,0.3010299956639812,0.9030899869919435,0.0,116.0,76.0,10.0,10.0,94.0,2.0,5.0,8.0,8.0,4.0,0.0,1.0,3.0,0.0,0.0,0.0,1986,469,131,66,611,29,61,19,46,11,1,2,15,1,7,0
4/2/20,226.00738658287855,60.44498273000494,78.18868426743857,45.55640375286267,75.69402765932307,10.934895892249799,44.45299593288261,17.982223287835453,6.890469103136542,1.4578567263266495,1.1090593513111855,1.846881233224162,1.9888693511723214,0.3770653755948206,6.634775512370539,0.0,3.3289908554494287,2.7323937598229686,2.1522883443830563,1.8750612633917,2.8115750058705933,1.4771212547196624,1.8325089127062364,1.3424226808222062,1.8195439355418688,1.146128035678238,0.47712125471966244,0.6020599913279624,1.255272505103306,0.3010299956639812,1.0413926851582251,0.0,146.0,70.0,10.0,8.0,36.0,0.0,6.0,2.0,19.0,2.0,1.0,1.0,2.0,0.0,3.0,0.0,2132,539,141,74,647,29,67,21,65,13,2,3,17,1,10,0
4/3/20,287.9156012941361,76.14497824429193,95.93363388841753,56.02206407446624,104.24015246438462,15.082615023792826,52.414726547727255,23.120001370074156,7.950541272849856,2.0185708518368997,2.218118702622371,1.2312541554827747,2.105861665947164,1.131196126784462,6.634775512370539,0.0,3.4340896384178907,2.832508912706236,2.2405492482826,1.9637878273455553,2.950364854376123,1.6127838567197355,1.9030899869919435,1.4471580313422192,1.8808135922807914,1.2787536009528289,0.6989700043360189,0.47712125471966244,1.2787536009528289,0.6020599913279624,1.0413926851582251,0.0,584.0,140.0,32.0,17.0,244.0,11.0,12.0,6.0,10.0,5.0,2.0,-1.0,1.0,2.0,0.0,0.0,2716,679,173,91,891,40,79,27,75,18,4,2,18,3,10,0
4/4/20,299.3643807270399,81.41569102408828,100.92440096931789,61.562707774138744,119.80013032943866,21.492726408904776,60.3764571625719,26.54518675823329,9.116620659534501,2.915713452653299,2.772648378277964,2.4625083109655495,3.3927771284704304,1.131196126784462,6.634775512370539,0.8562963470397836,3.4510184521554574,2.8615344108590377,2.2624510897304293,2.0043213737826426,3.010723865391773,1.7634279935629373,1.9637878273455553,1.505149978319906,1.9395192526186185,1.4313637641589874,0.7781512503836436,0.6989700043360189,1.4771212547196624,0.6020599913279624,1.0413926851582251,0.3010299956639812,108.0,47.0,9.0,9.0,133.0,17.0,12.0,4.0,11.0,8.0,1.0,2.0,11.0,0.0,0.0,1.0,2824,726,182,100,1024,57,91,31,86,26,5,4,29,3,10,1
4/5/20,323.3220117625608,84.21926165163953,109.24234610415176,67.71897855155261,135.94506976836692,21.492726408904776,62.36688981628306,27.401483105273076,10.176692829247814,3.2521419279594492,3.3271780539335567,3.078135388706937,4.211723331894328,1.5082615023792825,7.298253063607593,0.8562963470397836,3.484442207642407,2.876217840591642,2.296665190261531,2.0453229787866576,3.0655797147284485,1.7634279935629373,1.9777236052888478,1.5185139398778875,1.9867717342662448,1.4771212547196624,0.8450980400142568,0.7781512503836436,1.568201724066995,0.6989700043360189,1.0791812460476249,0.3010299956639812,226.0,25.0,15.0,10.0,138.0,0.0,3.0,1.0,10.0,3.0,1.0,1.0,7.0,1.0,1.0,0.0,3050,751,197,110,1162,57,94,32,96,29,6,5,36,4,11,1
4/6/20,394.24083991638156,98.90997174000807,127.54182540078634,83.1096554950873,171.7447180894687,24.50924941366334,68.33818777741655,34.251853881591344,10.706728914104472,3.476427578163549,4.436237405244742,4.309389544189712,4.79668490576854,1.5082615023792825,8.625208166081702,0.8562963470397836,3.5705429398818973,2.9459607035775686,2.3636119798921444,2.1335389083702174,3.1670217957902564,1.8195439355418688,2.0170333392987803,1.6127838567197355,2.0086001717619175,1.505149978319906,0.9542425094393249,0.9030899869919435,1.6232492903979006,0.6989700043360189,1.146128035678238,0.3010299956639812,669.0,131.0,33.0,25.0,306.0,8.0,9.0,8.0,5.0,2.0,2.0,2.0,5.0,0.0,2.0,0.0,3719,882,230,135,1468,65,103,40,101,31,8,7,41,4,13,1
4/7/20,438.44584939342667,117.18925223164223,141.40506729217614,92.3440616612081,194.67521178533784,32.05055692555975,73.64600818731297,36.82074292271069,13.992952640215746,5.382855604898398,4.990767080900334,4.309389544189712,7.019538886490546,1.5082615023792825,8.625208166081702,0.8562963470397836,3.616685520895512,3.0195316845312554,2.4082399653118496,2.1789769472931693,3.2214142378423385,1.9344984512435677,2.0492180226701815,1.6434526764861874,2.123851640967086,1.6901960800285136,1.0,0.9030899869919435,1.7853298350107671,0.6989700043360189,1.146128035678238,0.3010299956639812,417.0,163.0,25.0,15.0,196.0,20.0,8.0,3.0,31.0,17.0,1.0,0.0,19.0,0.0,0.0,0.0,4136,1045,255,150,1664,85,111,43,132,48,9,7,60,4,13,1
4/8/20,438.44584939342667,117.18925223164223,141.40506729217614,92.3440616612081,194.67521178533784,32.05055692555975,73.64600818731297,36.82074292271069,13.992952640215746,5.382855604898398,4.990767080900334,4.309389544189712,7.019538886490546,1.5082615023792825,8.625208166081702,0.8562963470397836,3.616685520895512,3.0195316845312554,2.4082399653118496,2.1789769472931693,3.2214142378423385,1.9344984512435677,2.0492180226701815,1.6434526764861874,2.123851640967086,1.6901960800285136,1.0,0.9030899869919435,1.7853298350107671,0.6989700043360189,1.146128035678238,0.3010299956639812,0.0,0.0,0.0,0.0,0.0,0.0,0.0,0.0,0.0,0.0,0.0,0.0,0.0,0.0,0.0,0.0,4136,1045,255,150,1664,85,111,43,132,48,9,7,60,4,13,1
4/9/20,517.52723325404,164.96209572511552,174.6768478315117,126.20355093698441,255.39422315348105,52.41208720768006,96.20424492937282,44.52741004606874,18.86928462089699,8.410711882653748,7.208885783522705,8.618779088379425,9.12540055243771,2.262392253568924,8.625208166081702,0.8562963470397836,3.6886867242841235,3.16790781000148,2.499687082618404,2.3138672203691533,3.3392526340327,2.146128035678238,2.164352855784437,1.724275869600789,2.2528530309798933,1.8808135922807914,1.146128035678238,1.1760912590556813,1.8976270912904414,0.8450980400142568,1.146128035678238,0.3010299956639812,746.0,426.0,60.0,55.0,519.0,54.0,34.0,9.0,46.0,27.0,4.0,7.0,18.0,2.0,0.0,0.0,4882,1471,315,205,2183,139,145,52,178,75,13,14,78,6,13,1
4/10/20,549.1173839114967,181.1106625398107,191.86726777683506,147.75049865793298,278.7926861084495,58.82219859279201,100.84858778803219,50.52148447534723,21.519465045180276,9.868568608980397,8.872474810489484,10.465660321603586,11.465246847934559,2.6394576291637444,9.288685717318755,0.8562963470397836,3.714413592287121,3.208441356438567,2.5403294747908736,2.3820170425748683,3.377306251068199,2.1958996524092336,2.184691430817599,1.7781512503836436,2.3096301674258988,1.9493900066449128,1.2304489213782739,1.255272505103306,1.99563519459755,0.9030899869919435,1.1760912590556813,0.3010299956639812,298.0,144.0,31.0,35.0,200.0,17.0,7.0,7.0,25.0,13.0,3.0,3.0,20.0,1.0,1.0,0.0,5180,1615,346,240,2383,156,152,59,203,88,16,17,98,7,14,1
4/11/20,573.1810221639889,205.44565558695552,215.15751415436998,178.53185254500235,317.63413461369726,69.75709448504182,113.45466126153623,56.51555890462571,23.32158773369291,11.326425335307048,11.090593513111855,11.081287399344973,12.518177680908142,2.6394576291637444,9.95216326855581,0.8562963470397836,3.7330366829335797,3.2631624649622166,2.5899496013257077,2.4638929889859074,3.433929765608464,2.2695129442179165,2.2355284469075487,1.8260748027008264,2.3443922736851106,2.0086001717619175,1.3222192947339193,1.2787536009528289,2.03342375548695,0.9030899869919435,1.2041199826559248,0.3010299956639812,227.0,217.0,42.0,50.0,332.0,29.0,19.0,7.0,17.0,13.0,4.0,1.0,9.0,0.0,1.0,0.0,5407,1832,388,290,2715,185,171,66,220,101,20,18,107,7,15,1
4/12/20,586.643938719348,214.64136724532366,223.47545928920385,184.07249624467482,344.65935932668583,71.64242136301591,120.7529143251438,56.51555890462571,26.28978980889019,13.008567711837797,13.308712215734227,11.081287399344973,13.92208545820625,2.6394576291637444,11.279118371029917,0.8562963470397836,3.7431176252147416,3.2821687783046416,2.606381365110605,2.4771212547196626,3.469380135849925,2.2810333672477277,2.2624510897304293,1.8260748027008264,2.3961993470957363,2.0681858617461617,1.3979400086720377,1.2787536009528289,2.0791812460476247,0.9030899869919435,1.255272505103306,0.3010299956639812,127.0,82.0,15.0,9.0,231.0,5.0,11.0,0.0,28.0,15.0,4.0,0.0,12.0,0.0,2.0,0.0,5534,1914,403,299,2946,190,182,66,248,116,24,18,119,7,17,1
4/13/20,636.4673306958738,251.5363567038981,247.32023534239437,208.69757935433032,392.8601930139209,83.70851338205017,129.37812249122553,71.07259680430204,27.77389084648883,14.914995738572648,13.308712215734227,11.696914477086361,15.793962494603727,2.6394576291637444,11.279118371029917,0.8562963470397836,3.7785130117389247,3.3510228525841237,2.6503075231319366,2.531478917042255,3.526210003841664,2.3483048630481607,2.292256071356476,1.9242792860618816,2.419955748489758,2.1271047983648077,1.3979400086720377,1.3010299956639813,2.1335389083702174,0.9030899869919435,1.255272505103306,0.3010299956639812,470.0,329.0,43.0,40.0,412.0,32.0,13.0,17.0,14.0,17.0,0.0,1.0,16.0,0.0,0.0,0.0,6004,2243,446,339,3358,222,195,83,262,133,24,19,135,7,17,1
4/14/20,658.6228390428821,265.7784954918584,255.08365080157267,218.5476125981925,414.50377124726674,85.59384026002428,133.35898779864783,74.49778219246117,30.424071270772114,17.157852240613643,16.08136059401219,12.928168632569134,17.665839531001208,2.6394576291637444,11.942595922266971,0.8562963470397836,3.7933712489189557,3.3749315539781883,2.663700925389648,2.5514499979728753,3.5494937132150133,2.357934847000454,2.305351369446624,1.9444826721501687,2.459392487759231,2.187520720836463,1.4771212547196624,1.3424226808222062,2.1818435879447726,0.9030899869919435,1.2787536009528289,0.3010299956639812,209.0,127.0,14.0,16.0,185.0,5.0,6.0,4.0,25.0,20.0,5.0,2.0,16.0,0.0,1.0,0.0,6213,2370,460,355,3543,227,201,87,287,153,29,21,151,7,18,1
4/15/20,686.9267659742276,288.2070605122684,271.7195410712404,233.3226624639858,439.6571189238579,88.98742864037767,143.31115106720364,76.21037488654073,38.69263419453596,23.886421746736644,19.408538647945743,17.23755817675885,22.813501381094277,2.6394576291637444,14.596506127215186,0.8562963470397836,3.8116420214531512,3.4101020766428607,2.6910814921229687,2.57978359661681,3.5750723257138124,2.374748346010104,2.3364597338485296,1.954242509439325,2.5634810853944106,2.330413773349191,1.5563025007672873,1.462397997898956,2.292256071356476,0.9030899869919435,1.3617278360175928,0.3010299956639812,267.0,200.0,30.0,24.0,215.0,9.0,15.0,2.0,78.0,60.0,6.0,7.0,44.0,0.0,4.0,0.0,6480,2570,490,379,3758,236,216,89,365,213,35,28,195,7,22,1
4/16/20,722.5451908765949,320.61633696676085,296.6733764757421,242.55706863010664,487.03900640766904,96.15167077667925,159.89808984812998,74.49778219246117,43.03893009036055,27.250706499798145,24.399305728846077,18.468812332241622,25.036355361816284,3.3935883803533855,14.596506127215186,0.8562963470397836,3.8335932939984563,3.456366033129043,2.72916478969277,2.59659709562646,3.6195107208384987,2.4082399653118496,2.383815365980431,1.9444826721501687,2.60959440922522,2.387389826338729,1.6532125137753437,1.4913616938342726,2.3324384599156054,1.0,1.3617278360175928,0.3010299956639812,336.0,289.0,45.0,15.0,405.0,19.0,25.0,-2.0,41.0,30.0,9.0,2.0,19.0,2.0,0.0,0.0,6816,2859,535,394,4163,255,241,87,406,243,44,30,214,9,22,1
4/17/20,757.5275724771342,338.1106176826807,315.52738544803225,259.7946268068655,528.8052627822879,110.10308967368762,171.17720821915992,78.77926392766008,45.05306721281585,29.829991477145295,25.508365080157265,19.700066487724396,26.79124008343892,3.7706537559482065,15.923461229689295,1.7125926940795673,3.854123782101167,3.4794313371977363,2.7558748556724915,2.6263403673750423,3.655234507034294,2.4668676203541096,2.413299764081252,1.968482948553935,2.629409599102719,2.4265112613645754,1.6720978579357175,1.5185139398778875,2.361727836017593,1.0413926851582251,1.3979400086720377,0.47712125471966244,330.0,156.0,34.0,28.0,357.0,37.0,17.0,5.0,19.0,23.0,2.0,2.0,15.0,1.0,2.0,1.0,7146,3015,569,422,4520,292,258,92,425,266,46,32,229,10,24,2
4/18/20,780.5311385599131,358.4084690261517,328.83609766376645,275.8009308281416,554.8945489770778,118.7755933123685,179.13893883400453,83.060745662859,45.795117731615164,32.40927645449244,26.617424431468454,22.778201876431336,28.195147860737027,3.7706537559482065,15.923461229689295,1.7125926940795673,3.867113779831977,3.504742636271688,2.7737864449811935,2.6522463410033232,3.6761446803562063,2.499687082618404,2.432969290874406,1.9912260756924949,2.6364878963533656,2.462397997898956,1.6901960800285136,1.5797835966168101,2.383815365980431,1.0413926851582251,1.3979400086720377,0.47712125471966244,217.0,181.0,24.0,26.0,223.0,23.0,12.0,5.0,7.0,23.0,2.0,5.0,12.0,0.0,0.0,0.0,7363,3196,593,448,4743,315,270,97,432,289,48,37,241,10,24,2
4/19/20,788.0576509648777,375.7906069169694,332.7178053933556,284.41970991652096,569.8695652682576,127.82516232664419,183.11980414142687,85.62963470397835,47.38522598618514,33.08213340510474,26.617424431468454,24.625083109655495,30.067024897134505,3.7706537559482065,15.923461229689295,1.7125926940795673,3.871280972857973,3.525304009958239,2.7788744720027396,2.6655809910179533,3.687707279624819,2.531478917042255,2.4424797690644486,2.0043213737826426,2.651278013998144,2.4712917110589387,1.6901960800285136,1.6127838567197355,2.41161970596323,1.0413926851582251,1.3979400086720377,0.47712125471966244,71.0,155.0,7.0,14.0,128.0,24.0,6.0,3.0,15.0,6.0,0.0,3.0,16.0,0.0,0.0,0.0,7434,3351,600,462,4871,339,276,100,447,295,48,40,257,10,24,2
4/20/20,881.9800452014774,428.72202036513704,354.34446274392377,297.96350562683153,616.7834834929694,134.23527371175615,198.37978781987914,92.48000548029663,54.27569508932169,41.38070246265644,32.16272118802438,27.703218498362432,35.214686747227574,4.901849882732669,17.913893883400455,1.7125926940795673,3.9201755220100227,3.5825178836040625,2.806179973983887,2.6857417386022635,3.722057771331464,2.552668216112193,2.4771212547196626,2.037426497940624,2.7101173651118162,2.568201724066995,1.7708520116421442,1.662757831681574,2.4800069429571505,1.146128035678238,1.4471580313422192,0.47712125471966244,886.0,472.0,39.0,22.0,401.0,17.0,23.0,8.0,65.0,74.0,10.0,5.0,44.0,3.0,3.0,0.0,8320,3823,639,484,5272,356,299,108,512,369,58,45,301,13,27,2
4/21/20,898.0931421811197,443.07630197819947,356.5625814465461,315.20106380359033,642.6387850582096,139.13712359448883,202.36065312730145,95.90519086845576,57.66792603240429,45.08141569102409,32.71725086367997,28.934472653845205,37.67152535749927,4.901849882732669,19.90432653711162,1.7125926940795673,3.928037206406883,3.5968169359155904,2.808885867359812,2.7101173651118162,3.739888655084543,2.568201724066995,2.48572142648158,2.0530784434834195,2.7363965022766426,2.6053050461411096,1.7781512503836436,1.6812412373755872,2.509202522331103,1.146128035678238,1.4913616938342726,0.47712125471966244,152.0,128.0,4.0,28.0,221.0,13.0,6.0,4.0,32.0,33.0,1.0,2.0,21.0,0.0,3.0,0.0,8472,3951,643,512,5493,369,305,112,544,402,59,47,322,13,30,2
4/22/20,1047.6693253276683,462.9255820212623,400.37042582333794,323.20421581422835,679.8423411566095,149.69495411114377,219.61106945946486,104.4681543388536,61.90821471125754,49.567128695106085,34.93536956630234,32.62823512029353,40.36234859732064,5.278915258327489,21.231281639585728,5.994074429278485,3.994932736730042,3.6158448828747023,2.859138297294531,2.7209857441537393,3.764325605625984,2.5998830720736876,2.5211380837040362,2.089905111439398,2.7671558660821804,2.6464037262230695,1.806179973983887,1.7323937598229686,2.5390760987927767,1.1760912590556813,1.5185139398778875,0.9030899869919435,1411.0,177.0,79.0,13.0,318.0,28.0,26.0,10.0,40.0,40.0,4.0,6.0,23.0,1.0,2.0,5.0,9883,4128,722,525,5811,397,331,122,584,442,63,53,345,14,32,7
4/23/20,1060.9202274490847,482.55057641412105,416.45178641735015,335.5167573690561,709.4413967946446,157.99039237422986,238.18844089410234,110.46222876813208,65.19443843736882,52.59498497286143,36.59895859326912,35.09074343125908,43.52114109624139,6.410111385111951,21.89475919082278,3.4251853881591345,4.00039068924991,3.6338722626583326,2.876217840591642,2.7371926427047373,3.782830805202592,2.6232492903979003,2.5563025007672873,2.113943352306837,2.7895807121644256,2.6720978579357175,1.8260748027008264,1.7634279935629373,2.571708831808688,1.255272505103306,1.5314789170422551,0.6989700043360189,125.0,175.0,29.0,20.0,253.0,22.0,28.0,7.0,31.0,27.0,3.0,4.0,27.0,3.0,1.0,-3.0,10008,4303,751,545,6064,419,359,129,615,469,66,57,372,17,33,4
4/24/20,1084.1358079658064,512.4927107163684,448.0599779297189,345.3667906129183,735.4136906746596,168.92528826647964,248.8040817138952,119.0251922385299,70.1767776350214,57.30498362714753,38.26254762023589,38.784505897707405,46.328956650837604,8.672503638680874,22.558236742059833,2.5688890411193506,4.009790719354298,3.6600112212893308,2.9079485216122722,2.749736315569061,3.7984434603501875,2.6522463410033232,2.575187844927661,2.146128035678238,2.821513528404773,2.709269960975831,1.845098040014257,1.806179973983887,2.598790506763115,1.380211241711606,1.5440680443502757,0.6020599913279624,219.0,267.0,57.0,16.0,222.0,29.0,16.0,10.0,47.0,42.0,3.0,6.0,24.0,6.0,1.0,-1.0,10227,4570,808,561,6286,448,375,139,662,511,69,63,396,23,34,3
4/25/20,1099.6128616436206,533.9119903108599,462.4777494967643,354.6011967790391,761.5029768694494,178.35192265635015,254.77537967502872,129.3007484030073,73.03897249324734,62.01498228143364,40.48066632285827,38.16887881996602,48.66880294633446,10.557830516654978,23.221714293296888,2.5688890411193506,4.015946243657567,3.677789391068861,2.921686475483602,2.7611758131557314,3.813580988568192,2.6757783416740852,2.5854607295085006,2.1818435879447726,2.838849090737255,2.74350976472843,1.8692317197309762,1.7993405494535817,2.6201360549737576,1.462397997898956,1.5563025007672873,0.6020599913279624,146.0,191.0,26.0,15.0,223.0,25.0,9.0,12.0,27.0,42.0,4.0,-1.0,20.0,5.0,1.0,0.0,10373,4761,834,576,6509,473,384,151,689,553,73,62,416,28,35,3
4/26/20,1116.1499874911483,559.4805544341273,479.11363976643213,361.98872171193574,785.603393713067,187.77855704622067,270.03536335348093,134.438526485246,74.9471023987313,64.93069573408694,41.03519599851386,40.631387130931564,50.18970303840741,11.689026643439439,23.221714293296888,2.5688890411193506,4.0224283711854865,3.6981005456233897,2.9370161074648142,2.7701152947871015,3.827110687466011,2.6981005456233897,2.61066016308988,2.1986570869544226,2.850033257689769,2.7634279935629373,1.8750612633917,1.8260748027008264,2.6334684555795866,1.505149978319906,1.5563025007672873,0.6020599913279624,156.0,228.0,30.0,12.0,206.0,25.0,23.0,6.0,18.0,26.0,1.0,4.0,13.0,3.0,0.0,0.0,10529,4989,864,588,6715,498,407,157,707,579,74,66,429,31,35,3
4/27/20,1140.95567626244,578.3205490512717,494.64047068478874,374.9168903445049,818.1272572204731,194.56573380692745,277.9970939683256,140.4326009145245,77.06724673815793,68.63140896245457,41.58972567416945,42.47826836415573,53.348495537328155,12.820222770223902,23.221714293296888,2.5688890411193506,4.031973689091717,3.712481337801919,2.9508514588885464,2.785329835010767,3.844725627973226,2.7134905430939424,2.6232492903979003,2.2174839442139063,2.862131379313037,2.787460474518415,1.8808135922807914,1.845098040014257,2.6599162000698504,1.5440680443502757,1.5563025007672873,0.6020599913279624,234.0,168.0,28.0,21.0,278.0,18.0,12.0,7.0,20.0,33.0,1.0,3.0,27.0,3.0,0.0,0.0,10763,5157,892,609,6993,516,419,164,727,612,75,69,456,34,35,3
4/28/20,1152.7224773462578,585.834118333109,499.07670809003343,380.4575340441774,829.358519438858,199.84464906525494,279.98752662203674,140.4326009145245,79.18739107758456,72.10783654061814,42.144255349825045,43.09389544189712,55.922326462374684,12.820222770223902,23.221714293296888,2.5688890411193506,4.036429265626675,3.7180862947830917,2.954724790979063,2.791690649020118,3.8506462351830666,2.725094521081469,2.6263403673750423,2.2174839442139063,2.8739015978644615,2.808885867359812,1.8864907251724818,1.8512583487190752,2.680335513414563,1.5440680443502757,1.5563025007672873,0.6020599913279624,111.0,67.0,8.0,9.0,96.0,14.0,3.0,0.0,20.0,31.0,1.0,1.0,22.0,0.0,0.0,0.0,10874,5224,900,618,7089,530,422,164,747,643,76,70,478,34,35,3
4/29/20,1164.4892784300755,604.2255416498452,509.61277192748975,388.4606860548154,842.9296279527397,203.61530282120313,283.304914378222,141.2888972615643,82.0495859358105,75.13569281837349,43.80784437679183,46.787657908345444,57.677211183997315,13.197288145818723,23.885191844533942,2.5688890411193506,4.04083959468534,3.7315081835960253,2.963787827345555,2.800717078282385,3.85769425778655,2.7331972651065692,2.6314437690131722,2.220108088040055,2.88930170250631,2.826722520168992,1.9030899869919435,1.8864907251724818,2.693726948923647,1.5563025007672873,1.568201724066995,0.6020599913279624,111.0,164.0,19.0,13.0,116.0,10.0,5.0,1.0,27.0,27.0,3.0,6.0,15.0,1.0,1.0,0.0,10985,5388,919,631,7205,540,427,165,774,670,79,76,493,35,36,3
4/30/20,1197.2455084742169,628.1119633965819,534.0120776563358,404.4669900760915,881.6540841432127,212.66487183547886,289.93968989059255,159.27112054939974,85.86584574677845,78.27569192123089,44.36237405244742,48.634539141569604,59.90006516471933,13.574353521413542,23.885191844533942,1.7125926940795673,4.0528862352563815,3.7483431044875495,2.984077033902831,2.8182258936139557,3.8771985152717896,2.7520484478194387,2.6414741105040997,2.271841606536499,2.909020854211156,2.8444771757456815,1.9084850188786497,1.9030899869919435,2.7101173651118162,1.568201724066995,1.568201724066995,0.47712125471966244,309.0,213.0,44.0,26.0,331.0,24.0,10.0,21.0,36.0,28.0,1.0,3.0,19.0,1.0,0.0,-1.0,11294,5601,963,657,7536,564,437,186,810,698,80,79,512,36,36,2
5/1/20,1230.9558034711004,665.1190956802584,562.2930911147711,422.93580240833313,924.2392867212552,227.37042148367684,295.910987851726,171.2592694079567,88.94005503894705,80.18211994796573,47.68955210638097,50.48142037479376,62.356903774991025,15.836745774982466,25.212146947008048,1.7125926940795673,4.064944426038617,3.7732011423563443,3.0064660422492318,2.837588438235511,3.89768206179642,2.7810369386211318,2.6503075231319366,2.303196057420489,2.9242792860618816,2.8549130223078554,1.9395192526186185,1.919078092376074,2.727541257028556,1.6334684555795864,1.591064607026499,0.47712125471966244,318.0,330.0,51.0,30.0,364.0,39.0,9.0,14.0,29.0,17.0,6.0,3.0,21.0,6.0,2.0,0.0,11612,5931,1014,687,7900,603,446,200,839,715,86,82,533,42,38,2
5/2/20,1250.991167478682,685.4169470237294,574.4927439791941,435.2483439631609,938.7463337533358,234.91172899557327,305.8631511202818,180.67852922539433,91.69624268020166,83.09783340061902,49.353141133347755,56.02206407446624,66.10065784778598,16.213811150577286,25.875624498245102,1.7125926940795673,4.071955610302981,3.78625439578978,3.015778756389041,2.850033257689769,3.90444504107691,2.795184589682424,2.6646419755561257,2.326335860928751,2.937517892017347,2.870403905279027,1.954242509439325,1.9637878273455553,2.7528164311882715,1.6434526764861874,1.6020599913279623,0.47712125471966244,189.0,181.0,22.0,20.0,124.0,20.0,15.0,11.0,26.0,26.0,3.0,9.0,32.0,1.0,1.0,0.0,11801,6112,1036,707,8024,623,461,211,865,741,89,91,565,43,39,2
5/3/20,1250.991167478682,685.4169470237294,574.4927439791941,435.2483439631609,938.7463337533358,234.91172899557327,305.8631511202818,180.67852922539433,91.69624268020166,83.09783340061902,49.353141133347755,56.02206407446624,66.10065784778598,16.213811150577286,25.875624498245102,1.7125926940795673,4.071955610302981,3.78625439578978,3.015778756389041,2.850033257689769,3.90444504107691,2.795184589682424,2.6646419755561257,2.326335860928751,2.937517892017347,2.870403905279027,1.954242509439325,1.9637878273455553,2.7528164311882715,1.6434526764861874,1.6020599913279623,0.47712125471966244,0.0,0.0,0.0,0.0,0.0,0.0,0.0,0.0,0.0,0.0,0.0,0.0,0.0,0.0,0.0,0.0,11801,6112,1036,707,8024,623,461,211,865,741,89,91,565,43,39,2
5/4/20,1298.058371813953,692.2576593549544,580.5925704114055,438.9421064296092,948.8076728239722,241.69890575628,307.853583773993,185.81630730763302,96.46656744391159,86.68640380388462,52.12578951162572,57.25331822994902,69.61042729103126,16.967941901766928,26.539102049482157,2.5688890411193506,4.087994255099714,3.7905666251460763,3.0203612826477078,2.8536982117761744,3.9090744014009045,2.807535028068853,2.667452952889954,2.3384564936046046,2.9595183769729982,2.8887409606828927,1.9777236052888478,1.9731278535996986,2.7752462597402365,1.662757831681574,1.6127838567197355,0.6020599913279624,444.0,61.0,11.0,6.0,86.0,18.0,3.0,6.0,45.0,32.0,5.0,2.0,30.0,2.0,1.0,1.0,12245,6173,1047,713,8110,641,464,217,910,773,94,93,595,45,40,3
5/5/20,1310.2492017656562,712.2190822231194,590.5741045732062,451.8702750621783,975.3649282778614,256.78152078007287,333.06573072100105,190.95408538987172,99.11674786819488,90.16283138204818,52.680319187281306,58.484572385431804,71.36531201265389,16.967941901766928,28.529534703193317,3.4251853881591345,4.092053606425475,3.8029104894190398,3.0277572046905536,2.8662873390841948,3.921061890790279,2.833784374656479,2.7015679850559273,2.3502480183341627,2.971275848738105,2.9057958803678687,1.9822712330395684,1.9822712330395684,2.786041210242554,1.662757831681574,1.6434526764861874,0.6989700043360189,115.0,178.0,18.0,21.0,227.0,40.0,38.0,6.0,25.0,31.0,1.0,2.0,15.0,0.0,3.0,1.0,12360,6351,1065,734,8337,681,502,223,935,804,95,95,610,45,43,4
5/6/20,1320.3198873779327,732.2926479163863,601.6646980863181,456.79529168410943,984.9582980893985,265.4540244187537,340.36398378460865,207.22371598362759,100.9188705567075,94.42425873592607,55.45296756555927,60.331453618655964,73.5881659933759,17.72207265295657,29.19301225443037,3.4251853881591345,4.095378599560064,3.8149796837607566,3.035829825252828,2.8709888137605755,3.9253120914996495,2.848189116991399,2.710963118995276,2.385606273598312,2.979092900638326,2.9258275746247424,2.0043213737826426,1.99563519459755,2.7993405494535817,1.6812412373755872,1.6532125137753437,0.6989700043360189,95.0,179.0,20.0,8.0,82.0,23.0,11.0,19.0,17.0,38.0,5.0,3.0,19.0,2.0,1.0,0.0,12455,6530,1085,742,8419,704,513,242,952,842,100,98,629,47,44,4
5/7/20,1344.0655039795108,756.9640694388373,617.7460586803303,470.3390873944199,1015.2593076160828,279.7825086913569,346.3352817457421,214.07408675994589,103.5690509809908,97.22782936347733,57.67108626818164,64.02521608510429,75.22605840022369,18.47620340414621,30.51996735690448,4.281481735198918,4.103119253545714,3.82936810798882,3.0472748673841794,2.8836614351536176,3.9384696883676455,2.8709888137605755,2.718501688867274,2.399673721481038,2.9903388547876015,2.938519725176492,2.0211892990699383,2.0211892990699383,2.808885867359812,1.6989700043360187,1.6720978579357175,0.7781512503836436,224.0,220.0,29.0,22.0,259.0,38.0,9.0,8.0,25.0,25.0,4.0,6.0,14.0,2.0,2.0,1.0,12679,6750,1114,764,8678,742,522,250,977,867,104,104,643,49,46,5
5/8/20,1365.2669473737772,774.2340645045531,626.6185334908198,477.1109852495752,1039.7107014040248,284.6843585740896,351.64310215563853,213.21779041290608,106.6432602731594,99.13425739021217,57.11655659252605,66.48772439606984,78.26785858436959,18.853268779741033,30.51996735690448,4.281481735198918,4.109915863023793,3.8391636829146503,3.053462604925455,2.8898617212581885,3.9488040459328113,2.8785217955012063,2.725094521081469,2.3979400086720375,3.003029470553618,2.9469432706978256,2.0170333392987803,2.037426497940624,2.8260748027008264,1.7075701760979363,1.6720978579357175,0.7781512503836436,200.0,154.0,16.0,11.0,209.0,13.0,8.0,-1.0,29.0,17.0,-1.0,4.0,26.0,1.0,0.0,0.0,12879,6904,1130,775,8887,755,530,249,1006,884,103,108,669,50,46,5
5/9/20,1381.2740371364482,796.7747723500651,633.2728895986869,485.7297643379547,1063.5771336180926,292.22566608598595,358.27787766800907,227.7748283125824,107.80933965984406,101.04068541694703,58.22561594383723,70.18148686251816,80.25672793554192,20.361530282120317,30.51996735690448,5.137778082238701,4.114977744785308,3.851625203153309,3.0580462303952816,2.8976270912904414,3.9586594270529334,2.8898617212581885,2.7331972651065692,2.4265112613645754,3.00774777800074,2.9552065375419416,2.0253058652647704,2.060697840353612,2.8369567370595505,1.7403626894942439,1.6720978579357175,0.8450980400142568,151.0,201.0,12.0,14.0,204.0,20.0,10.0,17.0,11.0,17.0,2.0,6.0,17.0,4.0,0.0,1.0,13030,7105,1142,789,9091,775,540,266,1017,901,105,114,686,54,46,6
5/10/20,1403.1115238325426,814.493338716189,639.3727160308985,491.27040803762713,1077.382226761524,294.8651237151497,360.26831032172026,231.20001370074158,108.55139017864337,101.93782801776342,59.334675295148415,70.79711394025955,82.01161265716455,20.361530282120317,31.18344490814153,5.994074429278485,4.121789568859296,3.861175835513029,3.0622058088197126,2.902546779313991,3.964259630196849,2.8937617620579434,2.73559889969818,2.432969290874406,3.010723865391773,2.9590413923210934,2.03342375548695,2.0644579892269186,2.846337112129805,1.7403626894942439,1.6812412373755872,0.9030899869919435,206.0,158.0,11.0,9.0,118.0,7.0,3.0,4.0,7.0,8.0,2.0,1.0,15.0,0.0,1.0,1.0,13236,7263,1153,798,9209,782,543,270,1024,909,107,115,701,54,47,7
5/11/20,1411.1680723223637,825.1469071008837,643.8089534361432,493.1172892708513,1083.348834815041,295.6192544663394,361.59526542419434,232.05631004778135,109.61146234835667,103.28354191898802,60.4437346464596,70.79711394025955,83.76649737878718,21.115661033309955,31.18344490814153,5.994074429278485,4.124275932006338,3.866818802926048,3.065206128054312,2.9041743682841634,3.9666578842017577,2.8948696567452528,2.7371926427047373,2.4345689040341987,3.0149403497929366,2.9647309210536292,2.041392685158225,2.0644579892269186,2.8555191556678,1.7558748556724915,1.6812412373755872,0.9030899869919435,76.0,95.0,8.0,3.0,51.0,2.0,2.0,1.0,10.0,12.0,2.0,0.0,15.0,2.0,0.0,0.0,13312,7358,1161,801,9260,784,545,271,1034,921,109,115,716,56,47,7
5/12/20,1429.825342509318,844.2111873682321,649.354250192699,506.66108498116176,1103.2375283267643,299.01284284669276,368.89351848780194,240.6192735181792,110.88354895201266,104.40497017000853,60.998264322115205,71.41274101800094,84.58544358221108,21.869791784499597,31.18344490814153,5.994074429278485,4.1299797546697095,3.8767372971406644,3.068927611682072,2.9159272116971158,3.97455774485358,2.8998205024270964,2.745855195173729,2.450249108319361,3.0199466816788423,2.9694159123539814,2.0453229787866576,2.0681858617461617,2.859738566197147,1.7708520116421442,1.6812412373755872,0.9030899869919435,176.0,170.0,10.0,22.0,170.0,9.0,11.0,10.0,12.0,10.0,1.0,1.0,7.0,2.0,0.0,0.0,13488,7528,1171,823,9430,793,556,281,1046,931,110,116,723,58,47,7
5/13/20,1445.514410621075,867.0883236890504,653.7904875979438,515.2798640695413,1119.616452395242,303.1605619782358,371.5474286927502,245.75705160041787,113.21570772538195,107.99354057327412,60.998264322115205,71.41274101800094,87.15927450725762,22.623922535689236,32.51040001061564,7.706667123358051,4.134718840500395,3.888348010178049,3.0718820073061255,2.9232440186302764,3.9809573162296203,2.9057958803678687,2.7489628612561616,2.459392487759231,3.028977705208778,2.984077033902831,2.0453229787866576,2.0681858617461617,2.8727388274726686,1.7853298350107671,1.6989700043360187,1.0,148.0,204.0,8.0,14.0,140.0,11.0,4.0,6.0,22.0,32.0,0.0,0.0,22.0,2.0,2.0,2.0,13636,7732,1179,837,9570,804,560,287,1068,963,110,116,745,60,49,9
5/14/20,1466.7158540153414,889.8533171847665,667.099199813678,531.2861680908173,1136.2293610932697,309.57067336334774,376.8552491026466,249.182236988577,115.86588814966522,112.03068227694793,63.77091270039317,72.64399517348372,89.73310543230416,23.378053286878878,33.83735511308975,9.419259817437618,4.14104194093905,3.8996016591461222,3.0806264869218056,2.936513742478893,3.9873533887357935,2.9148718175400505,2.7551122663950713,2.4653828514484184,3.039017321997412,3.0,2.0644579892269186,2.0755469613925306,2.885361220031512,1.7993405494535817,1.7160033436347992,1.0791812460476249,200.0,203.0,24.0,26.0,142.0,17.0,8.0,4.0,25.0,36.0,5.0,2.0,22.0,2.0,2.0,2.0,13836,7935,1203,863,9712,821,568,291,1093,999,115,118,767,62,51,11
5/15/20,1485.0551025513817,911.272596779258,675.4171449485119,544.8299638011279,1156.0010622902182,318.24317700202863,386.8074123712024,257.7452004589748,117.56200362120653,114.94639572960124,63.77091270039317,76.33775763993204,91.60498246870164,23.7551186624737,33.83735511308975,10.275556164477402,4.146438135285774,3.9099302597528305,3.0860037056183818,2.9474337218870508,3.994844849553398,2.926856708949692,2.7664128471123997,2.4800069429571505,3.0453229787866576,3.0111473607757975,2.0644579892269186,2.0969100130080562,2.8943160626844384,1.806179973983887,1.7160033436347992,1.1139433523068367,173.0,191.0,15.0,22.0,169.0,23.0,15.0,10.0,16.0,26.0,0.0,6.0,16.0,1.0,0.0,1.0,14009,8126,1218,885,9881,844,583,301,1109,1025,115,124,783,63,51,12
5/16/20,1498.9420479746261,930.6733055219128,684.2896197590014,552.8331158117659,1178.6975713565375,324.2762230115457,421.97172258676625,260.31408950009416,119.25811909274783,117.07710940654016,64.32544237604876,76.33775763993204,93.59385181987395,24.50924941366334,33.83735511308975,10.275556164477402,4.150480122270334,3.9190780923760737,3.0916669575956846,2.9537596917332287,4.003288158826075,2.935003151453655,2.8041394323353503,2.484299839346786,3.0515383905153275,3.019116290447073,2.0681858617461617,2.0969100130080562,2.9036325160842376,1.8195439355418688,1.7160033436347992,1.1139433523068367,131.0,173.0,16.0,13.0,194.0,16.0,53.0,3.0,16.0,19.0,1.0,0.0,17.0,2.0,0.0,0.0,14140,8299,1234,898,10075,860,636,304,1125,1044,116,124,800,65,51,12
5/17/20,1510.39082740753,978.2218633651819,703.6981584069471,559.6050136669212,1188.5249257976243,329.1780728942784,474.38644913449355,268.02075662345226,121.48427064914578,119.88068003409141,64.32544237604876,76.95338471767343,95.58272117104627,24.886314789258165,35.82778776680091,11.98814885855697,4.15378438646937,3.940715656906663,3.103803720955957,2.9590413923210934,4.0068937079479,2.941511432634403,2.8549130223078554,2.496929648073215,3.0595634179012676,3.0293837776852097,2.0681858617461617,2.100370545117563,2.912753303671323,1.8260748027008264,1.7403626894942439,1.1760912590556813,108.0,424.0,35.0,11.0,84.0,13.0,79.0,9.0,21.0,25.0,0.0,1.0,17.0,1.0,3.0,2.0,14248,8723,1269,909,10159,873,715,313,1146,1069,116,125,817,66,54,14
5/18/20,1530.6382058490542,1004.4632844390616,709.7979848391587,576.2269447659386,1209.466550142321,330.3092690210629,487.6560001592346,275.7274237468103,122.22632116794512,121.56282241062218,64.32544237604876,80.64714718412175,97.10362126311922,24.886314789258165,35.82778776680091,11.98814885855697,4.15956719323362,3.952211058108669,3.1075491297446862,2.971739590887778,4.014478535326206,2.9429995933660407,2.866877814337499,2.509202522331103,3.0622058088197126,3.0354297381845483,2.0681858617461617,2.12057393120585,2.919601023784111,1.8260748027008264,1.7403626894942439,1.1760912590556813,191.0,234.0,11.0,27.0,179.0,3.0,20.0,9.0,7.0,15.0,0.0,6.0,13.0,0.0,0.0,0.0,14439,8957,1280,936,10338,876,735,322,1153,1084,116,131,830,66,54,14
5/19/20,1539.4368048576748,1014.8925671735523,715.3432815957146,582.9988426210938,1219.8788661572821,331.81753052344214,510.87771445253145,279.1526091349694,122.96837168674443,122.23567936123446,64.87997205170436,80.64714718412175,98.03955978131796,24.886314789258165,35.82778776680091,11.98814885855697,4.162056337360552,3.956696564894651,3.1109262422664203,2.976808337338066,4.018201022496291,2.9449759084120477,2.8870543780509568,2.514547752660286,3.064832219738574,3.037824750588342,2.0718820073061255,2.12057393120585,2.9237619608287004,1.8260748027008264,1.7403626894942439,1.1760912590556813,83.0,93.0,10.0,11.0,89.0,4.0,35.0,4.0,7.0,6.0,1.0,0.0,8.0,0.0,0.0,0.0,14522,9050,1290,947,10427,880,770,326,1160,1090,117,131,838,66,54,14
5/20/20,1560.320226601027,1035.5268469923294,720.3340486766149,594.0801300204388,1238.5976365212568,337.8505765329593,521.4933552723244,281.72149817608874,123.71042220554375,125.15139281388777,67.09809075432672,80.64714718412175,100.02842913249029,25.640445540447804,36.49126531803796,11.98814885855697,4.16790781000148,3.96543689977626,3.113943352306837,2.9849771264154934,4.024813932629311,2.952792443044092,2.8959747323590648,2.5185139398778875,3.0674428427763805,3.048053173115609,2.0863598306747484,2.12057393120585,2.932473764677153,1.8388490907372552,1.7481880270062005,1.1760912590556813,197.0,184.0,9.0,18.0,160.0,16.0,16.0,3.0,7.0,26.0,4.0,0.0,17.0,2.0,1.0,0.0,14719,9234,1299,965,10587,896,786,329,1167,1116,121,131,855,68,55,14
5/21/20,1563.7124575441096,1042.8161306239626,722.5521673792373,598.3895195646285,1247.4890524441448,340.49003416212304,522.1568328235614,287.71557260536724,125.08851602617105,127.05782084062261,67.09809075432672,80.64714718412175,102.2512831132123,27.525772418421905,36.49126531803796,11.98814885855697,4.168850903709554,3.9684829485539352,3.1152775913959014,2.988112840268352,4.027920136405803,2.9561684304753633,2.8965262174895554,2.5276299008713385,3.072249897613515,3.0546130545568877,2.0863598306747484,2.12057393120585,2.942008053022313,1.8692317197309762,1.7481880270062005,1.1760912590556813,32.0,65.0,4.0,7.0,76.0,7.0,1.0,7.0,13.0,17.0,0.0,0.0,19.0,5.0,0.0,0.0,14751,9299,1303,972,10663,903,787,336,1180,1133,121,131,874,73,55,14
5/22/20,1578.3414534861533,1061.2075539406987,719.7795190009593,610.7020611194563,1258.3693377182053,343.1294917912868,528.1281307846949,297.9911287698447,126.67862428074102,129.52496299286773,67.09809075432672,83.1096554950873,103.88917552006009,27.148707042827084,36.49126531803796,11.98814885855697,4.172894697752176,3.976074731619874,3.1136091510730277,2.996949248495381,4.031691168625146,2.9595183769729982,2.9014583213961123,2.5428254269591797,3.077731179652392,3.0629578340845103,2.0863598306747484,2.1335389083702174,2.9489017609702137,1.863322860120456,1.7481880270062005,1.1760912590556813,138.0,164.0,-5.0,20.0,93.0,7.0,9.0,12.0,15.0,22.0,0.0,4.0,14.0,-1.0,0.0,0.0,14889,9463,1298,992,10756,910,796,348,1195,1155,121,135,888,72,55,14
5/23/20,1588.9421751832865,1070.403265599067,723.106697054893,615.011450663646,1269.015638362716,365.75341432697604,530.1185634384061,303.12890685208333,128.05671810136835,131.0949625442964,67.65262042998232,83.72528257282869,104.94210635303367,27.148707042827084,36.49126531803796,11.98814885855697,4.175801632848279,3.979821430030225,3.1156105116742996,3.0,4.035349676522988,2.9872192299080047,2.9030899869919438,2.550228353055094,3.0824263008607717,3.0681858617461617,2.089905111439398,2.1367205671564067,2.9532763366673045,1.863322860120456,1.7481880270062005,1.1760912590556813,100.0,82.0,6.0,7.0,91.0,60.0,3.0,6.0,13.0,14.0,1.0,1.0,9.0,0.0,0.0,0.0,14989,9545,1304,999,10847,970,799,354,1208,1169,122,136,897,72,55,14
5/24/20,1602.193077304703,1086.2154039384561,738.0789982975939,621.7833485188013,1275.8011926196568,394.41038287218237,535.4263838483025,307.4103885872823,128.79876862016766,131.7678194949087,67.09809075432672,83.72528257282869,105.64406024168272,27.90283779401673,36.49126531803796,11.98814885855697,4.179408151513836,3.9861892997368242,3.1245042248342823,3.004751155591001,4.0376654933508025,3.0199466816788423,2.907411360774586,2.5563025007672873,3.084933574936716,3.0704073217401198,2.0863598306747484,2.1367205671564067,2.9561684304753633,1.8750612633917,1.7481880270062005,1.1760912590556813,125.0,141.0,27.0,11.0,58.0,76.0,8.0,5.0,7.0,6.0,-1.0,0.0,6.0,2.0,0.0,0.0,15114,9686,1331,1010,10905,1046,807,359,1215,1175,121,136,903,74,55,14
5/25/20,1612.6877917848647,1103.5975418292737,746.3969434324277,623.014602674284,1288.904331874439,393.2791867453979,538.7437716044878,312.548166669521,129.43481192199565,133.1135333961333,69.87073913260468,84.95653672831146,107.86691422240474,29.411099296396007,37.15474286927502,11.98814885855697,4.182243411919001,3.993083360698062,3.1293675957229854,3.0056094453602804,4.042102768037303,3.0187004986662433,2.910090545594068,2.5634810853944106,3.0870712059065353,3.074816440645175,2.103803720955957,2.143014800254095,2.965201701025912,1.8976270912904414,1.7558748556724915,1.1760912590556813,99.0,155.0,15.0,2.0,112.0,-3.0,5.0,6.0,6.0,12.0,5.0,2.0,19.0,4.0,1.0,0.0,15213,9841,1346,1012,11017,1043,812,365,1221,1187,126,138,922,78,56,14
5/26/20,1627.7408165947936,1112.1203965370296,754.160358891606,631.6333817626635,1301.0715326110228,405.3452787644322,544.7150695656213,317.6859447517597,130.49488409170897,133.7863903467456,71.53432815957146,87.41904503927701,108.21789116672925,29.411099296396007,37.15474286927502,11.98814885855697,4.1862781034453675,3.996424103955091,3.133858125203335,3.0115704435972783,4.046182890740882,3.0318122713303706,2.9148718175400505,2.5705429398818973,3.090610707828407,3.0770043267933502,2.113943352306837,2.155336037465062,2.966610986681934,1.8976270912904414,1.7558748556724915,1.1760912590556813,142.0,76.0,14.0,14.0,104.0,32.0,9.0,6.0,10.0,6.0,3.0,4.0,3.0,0.0,0.0,0.0,15355,9917,1360,1026,11121,1075,821,371,1231,1193,129,142,925,78,56,14
5/27/20,1623.3945206989692,1117.166823666622,754.160358891606,653.180329483612,1301.4225095553475,397.0498405013461,540.7342042581989,317.6859447517597,131.66096347839363,134.9078185977661,72.08885783522705,88.0346721170184,109.27082199970283,29.78816467199083,37.81822042051207,11.98814885855697,4.185117001142592,3.9983901303180476,3.133858125203335,3.0261245167454502,4.0463000196529695,3.022840610876528,2.9116901587538613,2.5705429398818973,3.094471128641645,3.0806264869218056,2.1172712956557644,2.1583624920952498,2.9708116108725178,1.9030899869919435,1.7634279935629373,1.1760912590556813,-41.0,45.0,0.0,35.0,3.0,-22.0,-6.0,0.0,11.0,10.0,1.0,1.0,9.0,1.0,1.0,0.0,15314,9962,1360,1061,11124,1053,815,371,1242,1203,130,143,934,79,57,14
5/28/20,1627.5288021608512,1130.1753913784596,757.4875369455395,666.1084981161812,1310.0799408486857,402.32875575967364,545.3785471168584,321.1111301399188,132.08499234627894,135.46853272327635,70.97979848391587,88.65029919475978,110.67472977700095,31.296426174370115,37.81822042051207,11.98814885855697,4.186221536270829,4.003417445202194,3.1357685145678222,3.0346284566253203,4.049179244645967,3.0285712526925375,2.91539983521227,2.575187844927661,3.0958664534785427,3.0824263008607717,2.110589710299249,2.161368002234975,2.9763499790032735,1.9242792860618816,1.7634279935629373,1.1760912590556813,39.0,116.0,6.0,21.0,74.0,14.0,7.0,4.0,4.0,5.0,-2.0,1.0,12.0,4.0,0.0,0.0,15353,10078,1366,1082,11198,1067,822,375,1246,1208,128,144,946,83,57,14
5/29/20,1633.4652063112458,1137.801103485399,762.47830402644,671.0335147381122,1315.1106103840038,402.7058211352685,548.6959348730436,325.3926118751178,133.2510717329636,137.03853227470506,72.08885783522705,89.88155335024256,111.9616452395242,32.05055692555975,37.81822042051207,11.98814885855697,4.187802638718419,4.006337660374551,3.1386184338994925,3.037824750588342,4.0508435809569185,3.028977705208778,2.9180303367848803,2.5809249756756194,3.09968064110925,3.0874264570362855,2.1172712956557644,2.167317334748176,2.9813655090785445,1.9344984512435677,1.7634279935629373,1.1760912590556813,56.0,68.0,9.0,8.0,43.0,1.0,5.0,5.0,11.0,14.0,2.0,2.0,11.0,2.0,0.0,0.0,15409,10146,1375,1090,11241,1068,827,380,1257,1222,130,146,957,85,57,14
5/30/20,1643.3238774895797,1144.641815816624,765.8054820803735,679.6522938264917,1323.0660877886933,405.722344140027,552.676800180466,326.2489082221575,134.3111439026769,138.83281747633785,72.64338751088265,92.3440616612081,113.01457607249779,33.55881842793904,37.81822042051207,11.98814885855697,4.19041574703329,4.008940661377087,3.1405080430381798,3.0433622780211294,4.053462604925455,3.0322157032979815,2.921166050637739,2.582063362911709,3.1031192535457137,3.0930713063760633,2.12057393120585,2.1789769472931693,2.9854264740830017,1.954242509439325,1.7634279935629373,1.1760912590556813,93.0,61.0,6.0,14.0,68.0,8.0,6.0,1.0,10.0,16.0,1.0,4.0,9.0,4.0,0.0,0.0,15502,10207,1381,1104,11309,1076,833,381,1267,1238,131,150,966,89,57,14
5/31/20,1648.306216687232,1154.6225272507065,774.677956890863,679.6522938264917,1324.703980195541,406.4764748912166,554.6672328341771,328.8177972632769,135.3712160723902,140.17853137756245,73.75244686219382,93.57531581669089,113.71652996114686,33.55881842793904,37.81822042051207,11.98814885855697,4.191730393362857,4.012710712741787,3.1455071714096627,3.0433622780211294,4.053999860693065,3.0330214446829107,2.92272545799326,2.5854607295085006,3.1065308538223815,3.09725730969342,2.1271047983648077,2.184691430817599,2.988112840268352,1.954242509439325,1.7634279935629373,1.1760912590556813,47.0,89.0,16.0,0.0,14.0,2.0,3.0,3.0,10.0,12.0,2.0,2.0,6.0,0.0,0.0,0.0,15549,10296,1397,1104,11323,1078,836,384,1277,1250,133,152,972,89,57,14
6/1/20,1665.2673714026453,1171.668236666218,776.3415459178298,703.6617498584058,1342.9547813004165,411.3783247739493,560.6385307953105,332.242982651436,136.53729545907487,141.1878168034809,75.41603588916061,94.19094289443227,113.95051459069654,33.55881842793904,38.48169797174913,11.131852511517184,4.196176185039973,4.019074729177898,3.1464381352857744,3.058426024457005,4.059941888061955,3.0382226383687185,2.9273703630390235,2.5899496013257077,3.110252917353403,3.100370545117563,2.1367205671564067,2.187520720836463,2.989004615698537,1.954242509439325,1.7708520116421442,1.146128035678238,160.0,152.0,3.0,39.0,156.0,13.0,9.0,4.0,11.0,9.0,3.0,1.0,2.0,0.0,1.0,-1.0,15709,10448,1400,1143,11479,1091,845,388,1288,1259,136,153,974,89,58,13
6/2/20,1672.369854939724,1181.5368052751985,777.450605269141,710.4336477135611,1348.336427780059,412.5095209007338,562.6289634490217,336.5244643866349,136.43128824210353,140.5149598528686,73.75244686219382,92.3440616612081,115.2374300532198,33.935883803533855,39.80865307422324,11.98814885855697,4.19802442553312,4.02271698005103,3.1470576710283598,3.062581984228163,4.061678615245337,3.0394141191761372,2.928907690243953,2.595496221825574,3.1099158630237933,3.0982975364946976,2.1271047983648077,2.1789769472931693,2.993876914941211,1.9590413923210936,1.7853298350107671,1.1760912590556813,67.0,88.0,2.0,11.0,46.0,3.0,3.0,5.0,-1.0,-6.0,-3.0,-3.0,11.0,1.0,2.0,1.0,15776,10536,1402,1154,11525,1094,848,393,1287,1253,133,150,985,90,60,14
6/3/20,1673.7479487603516,1187.9289463060154,778.5596646204522,714.7430372577508,1351.0272510198806,414.7719131543027,567.9367838589181,335.6681680395952,136.6433026760462,141.1878168034809,73.75244686219382,93.57531581669089,115.822391627094,34.6900145547235,39.80865307422324,11.98814885855697,4.198382130008294,4.025059968599579,3.1476763242410986,3.065206128054312,4.062544381346465,3.041787318971752,2.932980821923198,2.5943925503754266,3.110589710299249,3.100370545117563,2.1271047983648077,2.184691430817599,2.9960736544852753,1.968482948553935,1.7853298350107671,1.1760912590556813,13.0,57.0,2.0,7.0,23.0,6.0,8.0,-1.0,2.0,6.0,0.0,2.0,5.0,2.0,0.0,0.0,15789,10593,1404,1161,11548,1100,856,392,1289,1259,133,152,990,92,60,14
6/4/20,1679.4723384768035,1192.7510877854036,779.6687239717634,720.8993080351646,1355.0049897222252,416.28017465668194,569.9272165126293,339.94964977479407,137.06733154393152,141.97281657919524,74.30697653784942,94.80656997217366,116.0563762566437,35.44414530591314,39.80865307422324,11.98814885855697,4.1998648337322555,4.026819159241227,3.1482940974347455,3.068927611682072,4.063821056343712,3.0433622780211294,2.934498451243568,2.5998830720736876,3.1119342763326814,3.1027766148834415,2.130333768495006,2.1903316981702914,2.996949248495381,1.9777236052888478,1.7853298350107671,1.1760912590556813,54.0,43.0,2.0,10.0,34.0,4.0,3.0,5.0,4.0,7.0,1.0,2.0,2.0,2.0,0.0,0.0,15843,10636,1406,1171,11582,1104,859,397,1293,1266,134,154,992,94,60,14
6/5/20,1686.9988508817682,1197.3489436145876,781.3323129987301,720.2836809574233,1365.6512903667358,417.78843615906123,569.9272165126293,346.80002055111237,138.23341093061617,143.2063876553178,74.30697653784942,95.42219704991504,116.8753224600676,35.82121068150796,39.80865307422324,11.98814885855697,4.201806642957022,4.02848991652189,3.1492191126553797,3.068556895072363,4.067219688974141,3.04493154614916,2.934498451243568,2.6085260335771943,3.1156105116742996,3.1065308538223815,2.130333768495006,2.1931245983544616,3.0,1.9822712330395684,1.7853298350107671,1.1760912590556813,71.0,41.0,3.0,-1.0,91.0,4.0,0.0,8.0,11.0,11.0,0.0,1.0,7.0,1.0,0.0,0.0,15914,10677,1409,1170,11673,1108,859,405,1304,1277,134,155,999,95,60,14
6/6/20,1698.235615880729,1205.198941371731,783.5504317013525,722.7461892683888,1382.4981836943132,419.2966976614405,573.2446042688146,356.2192803685499,138.76344701547282,143.4306733055219,74.30697653784942,96.65345120539783,117.81126097826635,35.82121068150796,39.80865307422324,11.98814885855697,4.2046896204203605,4.031327657761131,3.150449409460881,3.070037866607755,4.072543985643648,3.0464951643347082,2.9370161074648142,2.6201360549737576,3.1172712956557644,3.1072099696478683,2.130333768495006,2.1986570869544226,3.0034605321095067,1.9822712330395684,1.7853298350107671,1.1760912590556813,106.0,70.0,4.0,4.0,144.0,4.0,5.0,11.0,5.0,2.0,0.0,2.0,8.0,0.0,0.0,0.0,16020,10747,1413,1174,11817,1112,864,416,1309,1279,134,157,1007,95,60,14
6/7/20,1702.0518756916972,1212.1517965280582,786.8776097552861,729.5180871235441,1383.7850991568364,421.93615529060423,573.2446042688146,359.6444657567091,139.0814686663868,144.32781590633832,74.30697653784942,97.88470536088059,118.16223792259088,35.82121068150796,39.80865307422324,11.98814885855697,4.205664407371687,4.03382569395331,3.1522883443830563,3.074084689028244,4.072948031792886,3.0492180226701815,2.9370161074648142,2.6242820958356683,3.118264726089479,3.1099158630237933,2.130333768495006,2.2041199826559246,3.004751155591001,1.9822712330395684,1.7853298350107671,1.1760912590556813,36.0,62.0,6.0,11.0,11.0,7.0,0.0,4.0,3.0,8.0,0.0,2.0,3.0,0.0,0.0,0.0,16056,10809,1419,1185,11828,1119,864,420,1312,1287,134,159,1010,95,60,14
6/8/20,1705.868135502665,1216.07679540663,790.7593174848753,730.7493412790268,1387.5288532296315,422.31322066619913,572.5811267175775,366.49483653302735,139.50549753427214,144.7763872067465,74.30697653784942,98.50033243862198,118.5132148669154,36.19827605710278,39.80865307422324,11.98814885855697,4.206637011283536,4.035229556350212,3.154423973114647,3.074816440645175,4.0741213059062975,3.049605612594973,2.936513742478893,2.6324572921847245,3.119585774961784,3.1112625136590655,2.130333768495006,2.2068258760318495,3.0060379549973173,1.9867717342662448,1.7853298350107671,1.1760912590556813,36.0,35.0,7.0,2.0,32.0,1.0,-1.0,8.0,4.0,4.0,0.0,1.0,3.0,1.0,0.0,0.0,16092,10844,1426,1187,11860,1120,863,428,1316,1291,134,160,1013,96,60,14
6/9/20,1707.5642509742063,1217.7589377831607,794.0864955388087,735.0587308232165,1389.283737951254,423.06735141738875,579.215902229948,368.20742922710696,139.82351918518611,144.7763872067465,75.41603588916061,100.34721367184615,118.86419181123993,36.19827605710278,40.47213062546029,12.844445205596752,4.207068581514097,4.035829825252828,3.1562461903973444,3.0773679052841563,4.074670188924007,3.050379756261458,2.941511432634403,2.6344772701607315,3.12057393120585,3.1112625136590655,2.1367205671564067,2.214843848047698,3.0073209529227447,1.9867717342662448,1.792391689498254,1.2041199826559248,16.0,15.0,6.0,7.0,15.0,2.0,10.0,2.0,3.0,0.0,2.0,3.0,3.0,0.0,1.0,1.0,16108,10859,1432,1194,11875,1122,873,430,1319,1291,136,163,1016,96,61,15
6/10/20,1710.320438615461,1225.048221414794,792.9774361874975,738.1368662119235,1393.4954612831482,426.0838744221473,582.5332899861332,374.2015036563854,140.03553361912878,146.1221011079711,74.30697653784942,100.96284074958751,119.80013032943866,36.5753414326976,40.47213062546029,11.98814885855697,4.207768969739924,4.038421445642459,3.1556396337597765,3.0791812460476247,4.07598468474412,3.053462604925455,2.9439888750737717,2.6414741105040997,3.1212314551496214,3.1152775913959014,2.130333768495006,2.2174839442139063,3.010723865391773,1.9912260756924949,1.792391689498254,1.1760912590556813,26.0,65.0,-2.0,5.0,36.0,8.0,5.0,7.0,2.0,12.0,-2.0,1.0,8.0,1.0,0.0,-1.0,16134,10924,1430,1199,11911,1130,878,437,1321,1303,134,164,1024,97,61,14
6/11/20,1712.5465901718587,1229.8703628941819,795.7500845657755,744.9087640670788,1395.7183152638704,432.49398580725926,585.8506777423186,377.6266890445445,141.30762022278475,146.68281523348136,74.86150621350501,101.57846782732891,120.61907653286255,36.95240680829242,41.135608176697346,11.98814885855697,4.20833384449795,4.040127441781456,3.1571544399062814,3.0831441431430524,4.076676845705642,3.059941888061955,2.946452265013073,2.645422269349092,3.12515582958053,3.116939646550756,2.1335389083702174,2.220108088040055,3.0136796972911926,1.99563519459755,1.7993405494535817,1.1760912590556813,21.0,43.0,5.0,11.0,19.0,17.0,5.0,4.0,12.0,5.0,1.0,1.0,7.0,1.0,1.0,0.0,16155,10967,1435,1210,11930,1147,883,441,1333,1308,135,165,1031,98,62,14
6/12/20,1714.9847561621996,1245.1217871080607,795.7500845657755,748.6025265335271,1401.4509386878376,433.6251819340438,587.8411103960298,387.90224520902194,141.7316490906701,147.2435293589916,74.86150621350501,102.19409490507032,120.97005347718708,36.95240680829242,41.135608176697346,11.98814885855697,4.208951675007825,4.045479453110779,3.1571544399062814,3.085290578230065,4.078456818053293,3.0610753236297916,2.9479236198317262,2.6570558528571038,3.1264561134318045,3.118595365223762,2.1335389083702174,2.2227164711475833,3.0149403497929366,1.99563519459755,1.7993405494535817,1.1760912590556813,23.0,136.0,0.0,6.0,49.0,3.0,3.0,12.0,4.0,5.0,0.0,1.0,3.0,0.0,0.0,0.0,16178,11103,1435,1216,11979,1150,886,453,1337,1313,135,166,1034,98,62,14
6/13/20,1725.4794706423615,1254.766070066837,797.9682032683979,752.9119160777168,1406.364615908381,451.7243199625951,587.1776328447927,396.4652086794198,142.57970682644074,148.140671959808,74.86150621350501,103.42534906055307,121.78899968061098,37.706537559482065,41.135608176697346,11.98814885855697,4.211601044145239,4.04883008652835,3.1583624920952498,3.087781417809542,4.079976723632598,3.0788191830988487,2.9474337218870508,2.6665179805548807,3.1290450598879582,3.1212314551496214,2.1335389083702174,2.2278867046136734,3.0178677189635055,2.0043213737826426,1.7993405494535817,1.1760912590556813,99.0,86.0,4.0,7.0,42.0,48.0,-1.0,10.0,8.0,8.0,0.0,2.0,7.0,2.0,0.0,0.0,16277,11189,1439,1223,12021,1198,885,463,1345,1321,135,168,1041,100,62,14
6/14/20,1728.5536799345298,1258.0182119947965,799.6317922953647,756.6056785441651,1407.885516000454,466.05280423519827,589.1680654985038,398.17780137349934,142.68571404341208,148.8135289104203,75.41603588916061,105.27223029377724,122.13997662493551,38.08360293507688,41.135608176697346,11.98814885855697,4.212374071200659,4.049954148022047,3.159266331093494,3.089905111439398,4.080446094611049,3.0923696996291206,2.9489017609702137,2.66838591669,3.1293675957229854,3.1231980750319988,2.1367205671564067,2.2355284469075487,3.019116290447073,2.0086001717619175,1.7993405494535817,1.1760912590556813,29.0,29.0,3.0,6.0,13.0,38.0,3.0,2.0,1.0,6.0,1.0,3.0,3.0,1.0,0.0,0.0,16306,11218,1442,1229,12034,1236,888,465,1346,1327,136,171,1044,101,62,14
