Date,Alabama,Alaska,American Samoa,Arizona,Arkansas,California,Colorado,Connecticut,Delaware,District of Columbia,Federal Bureau of Prisons,Florida,Georgia,Guam,Hawaii,Idaho,Illinois,Indiana,Iowa,Kansas,Kentucky,Louisiana,Maine,Maryland,Massachusetts,Michigan,Minnesota,Mississippi,Missouri,Montana,Nebraska,Nevada,New Hampshire,New Jersey,New Mexico,New York,North Carolina,North Dakota,Northern Mariana Islands,Ohio,Oklahoma,Oregon,Pennsylvania,Puerto Rico,Rhode Island,South Carolina,South Dakota,Tennessee,Texas,US Military,Utah,Vermont,Veteran Hospitals,Virgin Islands,Virginia,Washington,West Virginia,Wisconsin,Wyoming
1/22/20,0.0,0.0,0.0,0.0,0.0,0.0,0.0,0.0,0.0,0.0,,0.0,0.0,0.0,0.0,0.0,0.0,0.0,0.0,0.0,0.0,0.0,0.0,0.0,0.0,0.0,0.0,0.0,0.0,0.0,0.0,0.0,0.0,0.0,0.0,0.0,0.0,0.0,0.0,0.0,0.0,0.0,0.0,0.0,0.0,0.0,0.0,0.0,0.0,,0.0,0.0,,0.0,0.0,0.013132160885254724,0.0,0.0,0.0
1/23/20,0.0,0.0,0.0,0.0,0.0,0.0,0.0,0.0,0.0,0.0,,0.0,0.0,0.0,0.0,0.0,0.0,0.0,0.0,0.0,0.0,0.0,0.0,0.0,0.0,0.0,0.0,0.0,0.0,0.0,0.0,0.0,0.0,0.0,0.0,0.0,0.0,0.0,0.0,0.0,0.0,0.0,0.0,0.0,0.0,0.0,0.0,0.0,0.0,,0.0,0.0,,0.0,0.0,0.013132160885254724,0.0,0.0,0.0
1/24/20,0.0,0.0,0.0,0.0,0.0,0.0,0.0,0.0,0.0,0.0,,0.0,0.0,0.0,0.0,0.0,0.007891525614195465,0.0,0.0,0.0,0.0,0.0,0.0,0.0,0.0,0.0,0.0,0.0,0.0,0.0,0.0,0.0,0.0,0.0,0.0,0.0,0.0,0.0,0.0,0.0,0.0,0.0,0.0,0.0,0.0,0.0,0.0,0.0,0.0,,0.0,0.0,,0.0,0.0,0.013132160885254724,0.0,0.0,0.0
1/25/20,0.0,0.0,0.0,0.0,0.0,0.0,0.0,0.0,0.0,0.0,,0.0,0.0,0.0,0.0,0.0,0.007891525614195465,0.0,0.0,0.0,0.0,0.0,0.0,0.0,0.0,0.0,0.0,0.0,0.0,0.0,0.0,0.0,0.0,0.0,0.0,0.0,0.0,0.0,0.0,0.0,0.0,0.0,0.0,0.0,0.0,0.0,0.0,0.0,0.0,,0.0,0.0,,0.0,0.0,0.013132160885254724,0.0,0.0,0.0
1/26/20,0.0,0.0,0.0,0.013738684990775159,0.0,0.005061724823733659,0.0,0.0,0.0,0.0,,0.0,0.0,0.0,0.0,0.0,0.007891525614195465,0.0,0.0,0.0,0.0,0.0,0.0,0.0,0.0,0.0,0.0,0.0,0.0,0.0,0.0,0.0,0.0,0.0,0.0,0.0,0.0,0.0,0.0,0.0,0.0,0.0,0.0,0.0,0.0,0.0,0.0,0.0,0.0,,0.0,0.0,,0.0,0.0,0.013132160885254724,0.0,0.0,0.0
1/27/20,0.0,0.0,0.0,0.013738684990775159,0.0,0.005061724823733659,0.0,0.0,0.0,0.0,,0.0,0.0,0.0,0.0,0.0,0.007891525614195465,0.0,0.0,0.0,0.0,0.0,0.0,0.0,0.0,0.0,0.0,0.0,0.0,0.0,0.0,0.0,0.0,0.0,0.0,0.0,0.0,0.0,0.0,0.0,0.0,0.0,0.0,0.0,0.0,0.0,0.0,0.0,0.0,,0.0,0.0,,0.0,0.0,0.013132160885254724,0.0,0.0,0.0
1/28/20,0.0,0.0,0.0,0.013738684990775159,0.0,0.005061724823733659,0.0,0.0,0.0,0.0,,0.0,0.0,0.0,0.0,0.0,0.007891525614195465,0.0,0.0,0.0,0.0,0.0,0.0,0.0,0.0,0.0,0.0,0.0,0.0,0.0,0.0,0.0,0.0,0.0,0.0,0.0,0.0,0.0,0.0,0.0,0.0,0.0,0.0,0.0,0.0,0.0,0.0,0.0,0.0,,0.0,0.0,,0.0,0.0,0.013132160885254724,0.0,0.0,0.0
1/29/20,0.0,0.0,0.0,0.013738684990775159,0.0,0.005061724823733659,0.0,0.0,0.0,0.0,,0.0,0.0,0.0,0.0,0.0,0.007891525614195465,0.0,0.0,0.0,0.0,0.0,0.0,0.0,0.0,0.0,0.0,0.0,0.0,0.0,0.0,0.0,0.0,0.0,0.0,0.0,0.0,0.0,0.0,0.0,0.0,0.0,0.0,0.0,0.0,0.0,0.0,0.0,0.0,,0.0,0.0,,0.0,0.0,0.013132160885254724,0.0,0.0,0.0
1/30/20,0.0,0.0,0.0,0.013738684990775159,0.0,0.005061724823733659,0.0,0.0,0.0,0.0,,0.0,0.0,0.0,0.0,0.0,0.007891525614195465,0.0,0.0,0.0,0.0,0.0,0.0,0.0,0.0,0.0,0.0,0.0,0.0,0.0,0.0,0.0,0.0,0.0,0.0,0.0,0.0,0.0,0.0,0.0,0.0,0.0,0.0,0.0,0.0,0.0,0.0,0.0,0.0,,0.0,0.0,,0.0,0.0,0.013132160885254724,0.0,0.0,0.0
1/31/20,0.0,0.0,0.0,0.013738684990775159,0.0,0.0075925872356004875,0.0,0.0,0.0,0.0,,0.0,0.0,0.0,0.0,0.0,0.01578305122839093,0.0,0.0,0.0,0.0,0.0,0.0,0.0,0.0,0.0,0.0,0.0,0.0,0.0,0.0,0.0,0.0,0.0,0.0,0.0,0.0,0.0,0.0,0.0,0.0,0.0,0.0,0.0,0.0,0.0,0.0,0.0,0.0,,0.0,0.0,,0.0,0.0,0.013132160885254724,0.0,0.0,0.0
2/1/20,0.0,0.0,0.0,0.013738684990775159,0.0,0.0075925872356004875,0.0,0.0,0.0,0.0,,0.0,0.0,0.0,0.0,0.0,0.01578305122839093,0.0,0.0,0.0,0.0,0.0,0.0,0.0,0.014508517442792551,0.0,0.0,0.0,0.0,0.0,0.0,0.0,0.0,0.0,0.0,0.0,0.0,0.0,0.0,0.0,0.0,0.0,0.0,0.0,0.0,0.0,0.0,0.0,0.0,,0.0,0.0,,0.0,0.0,0.013132160885254724,0.0,0.0,0.0
2/2/20,0.0,0.0,0.0,0.013738684990775159,0.0,0.0075925872356004875,0.0,0.0,0.0,0.0,,0.0,0.0,0.0,0.0,0.0,0.01578305122839093,0.0,0.0,0.0,0.0,0.0,0.0,0.0,0.014508517442792551,0.0,0.0,0.0,0.0,0.0,0.0,0.0,0.0,0.0,0.0,0.0,0.0,0.0,0.0,0.0,0.0,0.0,0.0,0.0,0.0,0.0,0.0,0.0,0.0,,0.0,0.0,,0.0,0.0,0.013132160885254724,0.0,0.0,0.0
2/3/20,0.0,0.0,0.0,0.013738684990775159,0.0,0.015185174471200975,0.0,0.0,0.0,0.0,,0.0,0.0,0.0,0.0,0.0,0.01578305122839093,0.0,0.0,0.0,0.0,0.0,0.0,0.0,0.014508517442792551,0.0,0.0,0.0,0.0,0.0,0.0,0.0,0.0,0.0,0.0,0.0,0.0,0.0,0.0,0.0,0.0,0.0,0.0,0.0,0.0,0.0,0.0,0.0,0.0,,0.0,0.0,,0.0,0.0,0.013132160885254724,0.0,0.0,0.0
2/4/20,0.0,0.0,0.0,0.013738684990775159,0.0,0.015185174471200975,0.0,0.0,0.0,0.0,,0.0,0.0,0.0,0.0,0.0,0.01578305122839093,0.0,0.0,0.0,0.0,0.0,0.0,0.0,0.014508517442792551,0.0,0.0,0.0,0.0,0.0,0.0,0.0,0.0,0.0,0.0,0.0,0.0,0.0,0.0,0.0,0.0,0.0,0.0,0.0,0.0,0.0,0.0,0.0,0.0,,0.0,0.0,,0.0,0.0,0.013132160885254724,0.0,0.0,0.0
2/5/20,0.0,0.0,0.0,0.013738684990775159,0.0,0.015185174471200975,0.0,0.0,0.0,0.0,,0.0,0.0,0.0,0.0,0.0,0.01578305122839093,0.0,0.0,0.0,0.0,0.0,0.0,0.0,0.014508517442792551,0.0,0.0,0.0,0.0,0.0,0.0,0.0,0.0,0.0,0.0,0.0,0.0,0.0,0.0,0.0,0.0,0.0,0.0,0.0,0.0,0.0,0.0,0.0,0.0,,0.0,0.0,,0.0,0.0,0.013132160885254724,0.0,0.0,0.0
2/6/20,0.0,0.0,0.0,0.013738684990775159,0.0,0.015185174471200975,0.0,0.0,0.0,0.0,,0.0,0.0,0.0,0.0,0.0,0.01578305122839093,0.0,0.0,0.0,0.0,0.0,0.0,0.0,0.014508517442792551,0.0,0.0,0.0,0.0,0.0,0.0,0.0,0.0,0.0,0.0,0.0,0.0,0.0,0.0,0.0,0.0,0.0,0.0,0.0,0.0,0.0,0.0,0.0,0.0,,0.0,0.0,,0.0,0.0,0.013132160885254724,0.0,0.0,0.0
2/7/20,0.0,0.0,0.0,0.013738684990775159,0.0,0.015185174471200975,0.0,0.0,0.0,0.0,,0.0,0.0,0.0,0.0,0.0,0.01578305122839093,0.0,0.0,0.0,0.0,0.0,0.0,0.0,0.014508517442792551,0.0,0.0,0.0,0.0,0.0,0.0,0.0,0.0,0.0,0.0,0.0,0.0,0.0,0.0,0.0,0.0,0.0,0.0,0.0,0.0,0.0,0.0,0.0,0.0,,0.0,0.0,,0.0,0.0,0.013132160885254724,0.0,0.0,0.0
2/8/20,0.0,0.0,0.0,0.013738684990775159,0.0,0.015185174471200975,0.0,0.0,0.0,0.0,,0.0,0.0,0.0,0.0,0.0,0.01578305122839093,0.0,0.0,0.0,0.0,0.0,0.0,0.0,0.014508517442792551,0.0,0.0,0.0,0.0,0.0,0.0,0.0,0.0,0.0,0.0,0.0,0.0,0.0,0.0,0.0,0.0,0.0,0.0,0.0,0.0,0.0,0.0,0.0,0.0,,0.0,0.0,,0.0,0.0,0.013132160885254724,0.0,0.0,0.0
2/9/20,0.0,0.0,0.0,0.013738684990775159,0.0,0.015185174471200975,0.0,0.0,0.0,0.0,,0.0,0.0,0.0,0.0,0.0,0.01578305122839093,0.0,0.0,0.0,0.0,0.0,0.0,0.0,0.014508517442792551,0.0,0.0,0.0,0.0,0.0,0.0,0.0,0.0,0.0,0.0,0.0,0.0,0.0,0.0,0.0,0.0,0.0,0.0,0.0,0.0,0.0,0.0,0.0,0.0,,0.0,0.0,,0.0,0.0,0.013132160885254724,0.0,0.0,0.0
2/10/20,0.0,0.0,0.0,0.013738684990775159,0.0,0.015185174471200975,0.0,0.0,0.0,0.0,,0.0,0.0,0.0,0.0,0.0,0.01578305122839093,0.0,0.0,0.0,0.0,0.0,0.0,0.0,0.014508517442792551,0.0,0.0,0.0,0.0,0.0,0.0,0.0,0.0,0.0,0.0,0.0,0.0,0.0,0.0,0.0,0.0,0.0,0.0,0.0,0.0,0.0,0.0,0.0,0.0,,0.0,0.0,,0.0,0.0,0.013132160885254724,0.0,0.0,0.0
2/11/20,0.0,0.0,0.0,0.013738684990775159,0.0,0.017716036883067804,0.0,0.0,0.0,0.0,,0.0,0.0,0.0,0.0,0.0,0.01578305122839093,0.0,0.0,0.0,0.0,0.0,0.0,0.0,0.014508517442792551,0.0,0.0,0.0,0.0,0.0,0.0,0.0,0.0,0.0,0.0,0.0,0.0,0.0,0.0,0.0,0.0,0.0,0.0,0.0,0.0,0.0,0.0,0.0,0.0,,0.0,0.0,,0.0,0.0,0.013132160885254724,0.0,0.0,0.0
2/12/20,0.0,0.0,0.0,0.013738684990775159,0.0,0.017716036883067804,0.0,0.0,0.0,0.0,,0.0,0.0,0.0,0.0,0.0,0.01578305122839093,0.0,0.0,0.0,0.0,0.0,0.0,0.0,0.014508517442792551,0.0,0.0,0.0,0.0,0.0,0.0,0.0,0.0,0.0,0.0,0.0,0.0,0.0,0.0,0.0,0.0,0.0,0.0,0.0,0.0,0.0,0.0,0.0,0.0,,0.0,0.0,,0.0,0.0,0.013132160885254724,0.0,0.0,0.0
2/13/20,0.0,0.0,0.0,0.013738684990775159,0.0,0.020246899294934635,0.0,0.0,0.0,0.0,,0.0,0.0,0.0,0.0,0.0,0.01578305122839093,0.0,0.0,0.0,0.0,0.0,0.0,0.0,0.014508517442792551,0.0,0.0,0.0,0.0,0.0,0.0,0.0,0.0,0.0,0.0,0.0,0.0,0.0,0.0,0.0,0.0,0.0,0.0,0.0,0.0,0.0,0.0,0.0,0.0,,0.0,0.0,,0.0,0.0,0.013132160885254724,0.0,0.0,0.0
2/14/20,0.0,0.0,0.0,0.013738684990775159,0.0,0.020246899294934635,0.0,0.0,0.0,0.0,,0.0,0.0,0.0,0.0,0.0,0.01578305122839093,0.0,0.0,0.0,0.0,0.0,0.0,0.0,0.014508517442792551,0.0,0.0,0.0,0.0,0.0,0.0,0.0,0.0,0.0,0.0,0.0,0.0,0.0,0.0,0.0,0.0,0.0,0.0,0.0,0.0,0.0,0.0,0.0,0.0,,0.0,0.0,,0.0,0.0,0.013132160885254724,0.0,0.0,0.0
2/15/20,0.0,0.0,0.0,0.013738684990775159,0.0,0.020246899294934635,0.0,0.0,0.0,0.0,,0.0,0.0,0.0,0.0,0.0,0.01578305122839093,0.0,0.0,0.0,0.0,0.0,0.0,0.0,0.014508517442792551,0.0,0.0,0.0,0.0,0.0,0.0,0.0,0.0,0.0,0.0,0.0,0.0,0.0,0.0,0.0,0.0,0.0,0.0,0.0,0.0,0.0,0.0,0.0,0.0,,0.0,0.0,,0.0,0.0,0.013132160885254724,0.0,0.0,0.0
2/16/20,0.0,0.0,0.0,0.013738684990775159,0.0,0.020246899294934635,0.0,0.0,0.0,0.0,,0.0,0.0,0.0,0.0,0.0,0.01578305122839093,0.0,0.0,0.0,0.0,0.0,0.0,0.0,0.014508517442792551,0.0,0.0,0.0,0.0,0.0,0.0,0.0,0.0,0.0,0.0,0.0,0.0,0.0,0.0,0.0,0.0,0.0,0.0,0.0,0.0,0.0,0.0,0.0,0.0,,0.0,0.0,,0.0,0.0,0.013132160885254724,0.0,0.0,0.0
2/17/20,0.0,0.0,0.0,0.013738684990775159,0.0,0.020246899294934635,0.0,0.0,0.0,0.0,,0.0,0.0,0.0,0.0,0.0,0.01578305122839093,0.0,0.0,0.0,0.0,0.0,0.0,0.0,0.014508517442792551,0.0,0.0,0.0,0.0,0.0,0.0,0.0,0.0,0.0,0.0,0.0,0.0,0.0,0.0,0.0,0.0,0.0,0.0,0.0,0.0,0.0,0.0,0.0,0.0,,0.0,0.0,,0.0,0.0,0.013132160885254724,0.0,0.0,0.0
2/18/20,0.0,0.0,0.0,0.013738684990775159,0.0,0.020246899294934635,0.0,0.0,0.0,0.0,,0.0,0.0,0.0,0.0,0.0,0.01578305122839093,0.0,0.0,0.0,0.0,0.0,0.0,0.0,0.014508517442792551,0.0,0.0,0.0,0.0,0.0,0.0,0.0,0.0,0.0,0.0,0.0,0.0,0.0,0.0,0.0,0.0,0.0,0.0,0.0,0.0,0.0,0.0,0.0,0.0,,0.0,0.0,,0.0,0.0,0.013132160885254724,0.0,0.0,0.0
2/19/20,0.0,0.0,0.0,0.013738684990775159,0.0,0.020246899294934635,0.0,0.0,0.0,0.0,,0.0,0.0,0.0,0.0,0.0,0.01578305122839093,0.0,0.0,0.0,0.0,0.0,0.0,0.0,0.014508517442792551,0.0,0.0,0.0,0.0,0.0,0.0,0.0,0.0,0.0,0.0,0.0,0.0,0.0,0.0,0.0,0.0,0.0,0.0,0.0,0.0,0.0,0.0,0.0,0.0,,0.0,0.0,,0.0,0.0,0.013132160885254724,0.0,0.0,0.0
2/20/20,0.0,0.0,0.0,0.013738684990775159,0.0,0.020246899294934635,0.0,0.0,0.0,0.0,,0.0,0.0,0.0,0.0,0.0,0.01578305122839093,0.0,0.0,0.0,0.0,0.0,0.0,0.0,0.014508517442792551,0.0,0.0,0.0,0.0,0.0,0.0,0.0,0.0,0.0,0.0,0.0,0.0,0.0,0.0,0.0,0.0,0.0,0.0,0.0,0.0,0.0,0.0,0.0,0.0,,0.0,0.0,,0.0,0.0,0.013132160885254724,0.0,0.0,0.0
2/21/20,0.0,0.0,0.0,0.013738684990775159,0.0,0.025308624118668292,0.0,0.0,0.0,0.0,,0.0,0.0,0.0,0.0,0.0,0.01578305122839093,0.0,0.0,0.0,0.0,0.0,0.0,0.0,0.014508517442792551,0.0,0.0,0.0,0.0,0.0,0.0,0.0,0.0,0.0,0.0,0.0,0.0,0.0,0.0,0.0,0.0,0.0,0.0,0.0,0.0,0.0,0.0,0.0,0.0,,0.0,0.0,,0.0,0.0,0.013132160885254724,0.0,0.0,0.0
2/22/20,0.0,0.0,0.0,0.013738684990775159,0.0,0.025308624118668292,0.0,0.0,0.0,0.0,,0.0,0.0,0.0,0.0,0.0,0.01578305122839093,0.0,0.0,0.0,0.0,0.0,0.0,0.0,0.014508517442792551,0.0,0.0,0.0,0.0,0.0,0.0,0.0,0.0,0.0,0.0,0.0,0.0,0.0,0.0,0.0,0.0,0.0,0.0,0.0,0.0,0.0,0.0,0.0,0.0,,0.0,0.0,,0.0,0.0,0.013132160885254724,0.0,0.0,0.0
2/23/20,0.0,0.0,0.0,0.013738684990775159,0.0,0.025308624118668292,0.0,0.0,0.0,0.0,,0.0,0.0,0.0,0.0,0.0,0.01578305122839093,0.0,0.0,0.0,0.0,0.0,0.0,0.0,0.014508517442792551,0.0,0.0,0.0,0.0,0.0,0.0,0.0,0.0,0.0,0.0,0.0,0.0,0.0,0.0,0.0,0.0,0.0,0.0,0.0,0.0,0.0,0.0,0.0,0.0,,0.0,0.0,,0.0,0.0,0.013132160885254724,0.0,0.0,0.0
2/24/20,0.0,0.0,0.0,0.013738684990775159,0.0,0.025308624118668292,0.0,0.0,0.0,0.0,,0.0,0.0,0.0,0.0,0.0,0.01578305122839093,0.0,0.0,0.0,0.0,0.0,0.0,0.0,0.014508517442792551,0.0,0.0,0.0,0.0,0.0,0.0,0.0,0.0,0.0,0.0,0.0,0.0,0.0,0.0,0.0,0.0,0.0,0.0,0.0,0.0,0.0,0.0,0.0,0.0,,0.0,0.0,,0.0,0.0,0.013132160885254724,0.0,0.0,0.0
2/25/20,0.0,0.0,0.0,0.013738684990775159,0.0,0.025308624118668292,0.0,0.0,0.0,0.0,,0.0,0.0,0.0,0.0,0.0,0.01578305122839093,0.0,0.0,0.0,0.0,0.0,0.0,0.0,0.014508517442792551,0.0,0.0,0.0,0.0,0.0,0.0,0.0,0.0,0.0,0.0,0.0,0.0,0.0,0.0,0.0,0.0,0.0,0.0,0.0,0.0,0.0,0.0,0.0,0.0,,0.0,0.0,,0.0,0.0,0.013132160885254724,0.0,0.0,0.0
2/26/20,0.0,0.0,0.0,0.013738684990775159,0.0,0.025308624118668292,0.0,0.0,0.0,0.0,,0.0,0.0,0.0,0.0,0.0,0.01578305122839093,0.0,0.0,0.0,0.0,0.0,0.0,0.0,0.014508517442792551,0.0,0.0,0.0,0.0,0.0,0.0,0.0,0.0,0.0,0.0,0.0,0.0,0.0,0.0,0.0,0.0,0.0,0.0,0.0,0.0,0.0,0.0,0.0,0.0,,0.0,0.0,,0.0,0.0,0.013132160885254724,0.0,0.0,0.0
2/27/20,0.0,0.0,0.0,0.013738684990775159,0.0,0.02783948653053512,0.0,0.0,0.0,0.0,,0.0,0.0,0.0,0.0,0.0,0.01578305122839093,0.0,0.0,0.0,0.0,0.0,0.0,0.0,0.014508517442792551,0.0,0.0,0.0,0.0,0.0,0.0,0.0,0.0,0.0,0.0,0.0,0.0,0.0,0.0,0.0,0.0,0.0,0.0,0.0,0.0,0.0,0.0,0.0,0.0,,0.0,0.0,,0.0,0.0,0.013132160885254724,0.0,0.0,0.0
2/28/20,0.0,0.0,0.0,0.013738684990775159,0.0,0.02783948653053512,0.0,0.0,0.0,0.0,,0.0,0.0,0.0,0.0,0.0,0.01578305122839093,0.0,0.0,0.0,0.0,0.0,0.0,0.0,0.014508517442792551,0.0,0.0,0.0,0.0,0.0,0.0,0.0,0.0,0.0,0.0,0.0,0.0,0.0,0.0,0.0,0.0,0.0,0.0,0.0,0.0,0.0,0.0,0.0,0.0,,0.0,0.0,,0.0,0.0,0.013132160885254724,0.0,0.0,0.0
2/29/20,0.0,0.0,0.0,0.013738684990775159,0.0,0.03037034894240195,0.0,0.0,0.0,0.0,,0.0,0.0,0.0,0.0,0.0,0.01578305122839093,0.0,0.0,0.0,0.0,0.0,0.0,0.0,0.014508517442792551,0.0,0.0,0.0,0.0,0.0,0.0,0.0,0.0,0.0,0.0,0.0,0.0,0.0,0.0,0.0,0.0,0.023709396768930826,0.0,0.0,0.0,0.0,0.0,0.0,0.0,,0.0,0.0,,0.0,0.0,0.09192512619678307,0.0,0.0,0.0
3/1/20,0.0,0.0,0.0,0.013738684990775159,0.0,0.03037034894240195,0.0,0.0,0.0,0.0,,0.0,0.0,0.0,0.0,0.0,0.023674576842586396,0.0,0.0,0.0,0.0,0.0,0.0,0.0,0.014508517442792551,0.0,0.0,0.0,0.0,0.0,0.0,0.0,0.0,0.0,0.0,0.0,0.0,0.0,0.0,0.0,0.0,0.023709396768930826,0.0,0.0,0.09439652771812442,0.0,0.0,0.0,0.0,,0.0,0.0,,0.0,0.0,0.14445376973780194,0.0,0.0,0.0
3/2/20,0.0,0.0,0.0,0.013738684990775159,0.0,0.05314811064920341,0.0,0.0,0.0,0.0,,0.004655984007998608,0.0,0.0,0.0,0.0,0.03156610245678186,0.0,0.0,0.0,0.0,0.0,0.0,0.0,0.014508517442792551,0.0,0.0,0.0,0.0,0.0,0.0,0.0,0.0735450400857241,0.0,0.0,0.004232255159277749,0.0,0.0,0.0,0.0,0.0,0.07112819030679247,0.0,0.0,0.18879305543624883,0.0,0.0,0.0,0.0,,0.0,0.0,,0.0,0.0,0.23637889593458503,0.0,0.0,0.0
3/3/20,0.0,0.0,0.0,0.013738684990775159,0.0,0.06327156029667073,0.0,0.0,0.0,0.0,,0.009311968015997216,0.018836962603825804,0.0,0.0,0.0,0.03156610245678186,0.0,0.0,0.0,0.0,0.0,0.0,0.0,0.029017034885585102,0.0,0.0,0.0,0.0,0.0,0.0,0.0,0.1470900801714482,0.0,0.0,0.008464510318555498,0.009534629966731769,0.0,0.0,0.0,0.0,0.07112819030679247,0.0,0.0,0.18879305543624883,0.0,0.0,0.0,0.0,,0.0,0.0,,0.0,0.0,0.3545683439018775,0.0,0.0,0.0
3/4/20,0.0,0.0,0.0,0.013738684990775159,0.0,0.08858018441533902,0.0,0.0,0.0,0.0,,0.009311968015997216,0.018836962603825804,0.0,0.0,0.0,0.03156610245678186,0.0,0.0,0.0,0.0,0.0,0.0,0.0,0.029017034885585102,0.0,0.0,0.0,0.0,0.0,0.0,0.0,0.1470900801714482,0.0,0.0,0.046554806752055235,0.009534629966731769,0.0,0.0,0.0,0.0,0.07112819030679247,0.0,0.0,0.18879305543624883,0.0,0.0,0.0,0.0,,0.0,0.0,,0.0,0.0,0.5121542745249342,0.0,0.0,0.0
3/5/20,0.0,0.0,0.0,0.013738684990775159,0.0,0.12907398300520828,0.0,0.0,0.0,0.0,,0.013967952023995823,0.018836962603825804,0.0,0.0,0.0,0.03945762807097733,0.0,0.0,0.0,0.0,0.0,0.0,0.0,0.029017034885585102,0.0,0.0,0.0,0.0,0.0,0.0,0.032465888091382386,0.1470900801714482,0.022516969351027167,0.0,0.09734186866338823,0.009534629966731769,0.0,0.0,0.0,0.0,0.07112819030679247,0.0,0.0,0.18879305543624883,0.0,0.0,0.014643059321669061,0.0103462971171664,,0.0,0.0,,0.0,0.0,0.9192512619678306,0.0,0.0,0.0
3/6/20,0.0,0.0,0.0,0.027477369981550318,0.0,0.14932088230014293,0.05209476524014992,0.0,0.0,0.0,,0.013967952023995823,0.028255443905738708,0.0,0.0,0.0,0.03945762807097733,0.014853943402613612,0.0,0.0,0.0223830168412057,0.0,0.0,0.04962220957774807,0.08705110465675532,0.0,0.017731653412846795,0.0,0.0,0.0,0.05169540241769058,0.06493177618276477,0.1470900801714482,0.022516969351027167,0.0,0.13119990993761022,0.019069259933463537,0.0,0.0,0.0,0.0,0.07112819030679247,0.015622572398710857,0.0,0.18879305543624883,0.0,0.0,0.014643059321669061,0.013795062822888534,,0.0,0.0,,0.0,0.0,1.0243085490498685,0.0,0.0,0.0
3/7/20,0.0,0.0,0.0,0.054954739963100636,0.0,0.20499985536121318,0.12155445222701647,0.0,0.0,0.0,,0.032591888055990254,0.04709240650956452,0.0,0.07062785336527595,0.0,0.04734915368517279,0.014853943402613612,0.0,0.0,0.0223830168412057,0.0,0.0,0.04962220957774807,0.08705110465675532,0.0,0.017731653412846795,0.0,0.0,0.0,0.05169540241769058,0.06493177618276477,0.1470900801714482,0.045033938702054334,0.0,0.3216513921051089,0.019069259933463537,0.0,0.0,0.0,0.02527185566939965,0.14225638061358495,0.015622572398710857,0.0,0.28318958315437326,0.03884465130516086,0.0,0.014643059321669061,0.027590125645777067,,0.03119192453550546,0.0,,0.0,0.0,1.3394804102959819,0.0,0.0,0.0
3/8/20,0.0,0.0,0.0,0.054954739963100636,0.0,0.24043192912734876,0.12155445222701647,0.0,0.0,0.0,,0.04655984007998608,0.04709240650956452,0.0,0.07062785336527595,0.0,0.05524067929936826,0.029707886805227224,0.0,0.034325170578935194,0.0223830168412057,0.0,0.0,0.08270368262958014,0.3191873837414361,0.0,0.017731653412846795,0.0,0.015091216595026147,0.0,0.05169540241769058,0.12986355236552954,0.2941801603428964,0.056292423377567916,0.0,0.4486190468834414,0.019069259933463537,0.0,0.0,0.0,0.02527185566939965,0.33193155476503156,0.04686771719613257,0.0,0.28318958315437326,0.03884465130516086,0.0,0.04392917796500719,0.03793642276294347,,0.03119192453550546,0.16025923533908448,,0.0,0.023431498424407466,1.6021236280010762,0.0,0.0,0.0
3/9/20,0.0,0.0,0.0,0.054954739963100636,0.0,0.2556171035985497,0.12155445222701647,0.0,0.0,0.0,,0.0605277921039819,0.09418481301912904,0.0,0.07062785336527595,0.0,0.05524067929936826,0.04456183020784083,0.0950850535804277,0.034325170578935194,0.0895320673648228,0.0,0.0,0.08270368262958014,0.3191873837414361,0.0,0.03546330682569359,0.0,0.015091216595026147,0.0,0.15508620725307176,0.12986355236552954,0.2941801603428964,0.056292423377567916,0.0,0.6009802326174403,0.019069259933463537,0.0,0.0,0.0,0.02527185566939965,0.33193155476503156,0.054679003395488,0.0,0.28318958315437326,0.058266976957741294,0.0,0.04392917796500719,0.044833954174387736,,0.03119192453550546,0.16025923533908448,,0.0,0.023431498424407466,1.6021236280010762,0.0,0.0,0.0
3/10/20,0.0,0.0,0.0,0.08243210994465096,0.0,0.3644441873088234,0.24310890445403294,0.028048232863160806,0.0,0.0,,0.06983976011997912,0.16011418213251935,0.0,0.21188356009582787,0.0,0.09469830737034558,0.08912366041568166,0.2535601428811405,0.034325170578935194,0.1119150842060285,0.0,0.0,0.1323258922073282,0.5948492151544947,0.0,0.03546330682569359,0.0,0.015091216595026147,0.0,0.15508620725307176,0.12986355236552954,0.2941801603428964,0.16887727013270376,0.0,0.6348382738916624,0.06674240976712238,0.0,0.0,0.025664935709336045,0.0505437113387993,0.33193155476503156,0.09373543439226514,0.0,0.28318958315437326,0.135956279568063,0.0,0.04392917796500719,0.055180251291554135,,0.06238384907101092,0.16025923533908448,,0.0,0.09372599369762986,2.1274100634112654,0.0,0.051524843390238516,0.0
3/11/20,0.0,0.0,0.0,0.12364816491697644,0.0,0.4504935093122956,0.5209476524014992,0.08414469858948243,0.10269428732218483,0.0,,0.11174361619196659,0.2166250699439968,0.0,0.1412557067305519,0.0,0.19728814035488665,0.1633933774287497,0.41203523218185334,0.034325170578935194,0.1790641347296456,0.10755477657216043,0.0,0.14886662873324422,1.3347836047369148,0.020026320593155584,0.08865826706423398,0.0,0.015091216595026147,0.0,0.25847701208845286,0.22726121663967672,0.3677252004286205,0.2589451475368124,0.14307318336402253,0.9310961350411047,0.06674240976712238,0.0,0.0,0.03421991427911473,0.0505437113387993,0.45047853860968573,0.12498057918968686,0.0,0.47198263859062206,0.19422325652580433,0.904303240005471,0.13178753389502157,0.0724240798201648,,0.09357577360651637,0.16025923533908448,,0.0,0.10544174290983362,3.7032693696418324,0.0,0.06869979118698469,0.0
3/12/20,0.0,0.0,0.0,0.12364816491697644,0.0,0.5593205930225692,0.7814214786022488,0.14024116431580402,0.10269428732218483,0.0,,0.13967952023995825,0.2919729203593,0.0,0.1412557067305519,0.0,0.2525288196542549,0.19310126423397692,0.4437302500419959,0.13730068231574077,0.223830168412057,0.40870815097420965,0.07439302729033813,0.1984888383109923,1.5524113663788033,0.020026320593155584,0.15958488071562116,0.03360046825612562,0.030182433190052295,0.0,0.5169540241769057,0.32465888091382383,0.4412702405143446,0.3264960555898939,0.23845530560670422,1.3839474370838238,0.14301944950097653,0.1312229188701182,0.0,0.042774892848893416,0.07581556700819896,0.5690255224543398,0.17184829638581942,0.0,0.28318958315437326,0.135956279568063,0.7912653350047871,0.26357506779004314,0.09311667405449761,,0.09357577360651637,0.32051847067816897,,0.0,0.1405889905464448,5.331657319413418,0.0,0.13739958237396938,0.1727834901919452
3/13/20,0.040789813152063405,0.0,0.0,0.12364816491697644,0.0,0.711172337734579,1.2850042092570313,0.3085305614947689,0.4107771492887393,0.0,,0.2095192803599374,0.39557621468034193,0.0,0.1412557067305519,0.0,0.3630101782529914,0.19310126423397692,0.5388153036224236,0.20595102347361113,0.2685962020944684,0.6238177041185305,0.07439302729033813,0.29773325746648843,1.7845476454634839,0.1401842441520891,0.17731653412846796,0.1344018730245025,0.04527364978507844,0.0,0.7237356338476681,0.584385985644883,0.4412702405143446,0.5516657491001656,0.47691061121340844,1.7817794220559324,0.1620887094344401,0.1312229188701182,0.0,0.10265974283734418,0.07581556700819896,0.7112819030679248,0.32026273417357254,0.0,0.28318958315437326,0.15537860522064345,0.904303240005471,0.38071954236339567,0.15174569105177388,,0.2183434717485382,0.32051847067816897,,0.0,0.30460947951729705,6.605476925283126,0.0,0.32632400813817725,0.1727834901919452
3/14/20,0.12236943945619022,0.1366969906157516,0.0,0.16486421988930192,0.09941003458143736,0.9389499548025936,1.7191272529249475,0.6451093558526986,0.616165723933109,0.0,,0.2979829765119109,0.6875491350396419,0.0,0.2825114134611038,0.1119153472313542,0.5050576393085098,0.2376630944418178,0.5388153036224236,0.27460136463148155,0.3581282694592912,1.5702997379535424,0.07439302729033813,0.33081473051832055,2.0021754071053723,0.24031584711786702,0.37236472166978274,0.20160280953675372,0.06036486638010459,0.3742592006946251,0.9305172435184303,0.6493177618276477,0.5148152806000688,0.7768354426104374,0.6199837945774309,2.488566033655316,0.2383657491682942,0.1312229188701182,0.0,0.22242944281424576,0.1010874226775986,0.8535382836815097,0.3671304513697051,0.0,1.8879305543624882,0.3690241873990282,0.904303240005471,0.46857789829340996,0.20692594234332798,,0.24953539628404367,0.8012961766954225,,0.0,0.43348272085153816,7.918693013808599,0.0,0.4637235905121467,0.3455669803838904
3/15/20,0.2243439723363487,0.1366969906157516,0.0,0.16486421988930192,0.09941003458143736,0.9440116796263273,1.7191272529249475,0.6731575887158594,0.616165723933109,0.0,,0.4655984007998608,0.9324296488893774,0.0,0.42376712019165574,0.2238306944627084,0.5208406905369007,0.29707886805227224,0.5705103214825661,0.27460136463148155,0.4028943031417026,1.8714531123555918,0.14878605458067626,0.3969776766219846,2.0021754071053723,0.32042112949048934,0.37236472166978274,0.20160280953675372,0.07545608297513073,0.5613888010419377,0.8788218411007399,0.6493177618276477,0.5148152806000688,0.8106108966369779,0.6199837945774309,2.6028369229558153,0.3051081589354166,0.1312229188701182,0.0,0.2566493570933605,0.1010874226775986,0.8535382836815097,0.3671304513697051,0.0,1.8879305543624882,0.3690241873990282,0.904303240005471,0.46857789829340996,0.21727223946049443,,0.5614546416390982,0.8012961766954225,,0.0,0.43348272085153816,7.918693013808599,0.0,0.48089853830889284,0.3455669803838904
3/16/20,0.5914522907049193,0.1366969906157516,0.0,0.2472963298339529,0.09941003458143736,1.409690363409824,2.2921696705665964,1.149977547389593,0.8215542985774786,3.1172555681977583,,0.47025438480785936,1.1396362375314613,1.8267175711963175,0.5650228269222076,0.2238306944627084,0.6549966259782236,0.3713485850653403,0.728985410783279,0.3775768763682871,0.47004335366531974,2.47375986115969,1.2646814639357482,0.6947109340884731,2.7130927618022076,0.5407106560152009,0.9397776308808802,0.40320561907350744,0.09054729957015688,0.5613888010419377,0.9305172435184303,1.4609649641122073,1.2502656814573097,1.9814933028903907,1.0015122835481578,4.092590739021583,0.37185056870253896,0.1312229188701182,0.0,0.42774892848893414,0.25271855669399645,0.9246664739883023,0.6170916097490788,0.17045020672201072,1.982327082080613,0.5826697695774129,1.130379050006839,0.7614390847267913,0.2931450849863813,,0.8733738869941527,1.923110824069014,,0.9322444717902822,0.574071711397983,10.22995332961343,0.0,0.8243974942438163,0.3455669803838904
3/17/20,0.7954013564652364,0.4100909718472548,0.0,0.2747736998155032,0.09941003458143736,1.7716036883067805,2.899941931701679,1.9072798346949347,1.6431085971549573,3.1172555681977583,,0.8846369615197356,1.3750982700792838,1.8267175711963175,0.7062785336527595,0.4476613889254168,1.2705356238854701,0.44561830207840836,0.728985410783279,0.6178530704208335,0.5819584378713483,4.216147241628689,1.9342187095487915,0.9924441915549616,3.1483482850859836,0.630829098684401,1.046167551357961,0.7056098333786379,0.18109459914031376,0.7485184013892502,1.1889942556068833,1.7856238450260309,1.9121710422288267,2.814621168878396,1.0968944057908394,6.678498641340288,0.6102163178708332,0.39366875661035455,0.0,0.5731835641751717,0.429621546379794,1.5648201867494347,0.874864054327808,0.17045020672201072,2.1711201375168616,0.9128493056712803,1.2434169550075227,1.0835863898035105,0.37936422762943467,,1.2164850568847128,1.923110824069014,,1.8644889435805645,0.7849551972176502,12.54121364541826,0.0,1.2537711891624705,1.9006183921113968
3/18/20,1.0401402353776168,0.683484953078758,0.0,0.37094449475092933,0.13254671277524982,2.0955540770257346,3.7855529407842274,2.6926303548634376,1.951191459121512,4.392496482460478,,1.424731106447574,1.855440816476842,3.0445292853271955,1.0594178004791392,0.5036190625410939,2.146494967061167,0.5644498492993172,1.2044106786854174,0.7551537527365741,0.6267244715537597,5.528315515809046,2.6037559551618346,1.4059626047028622,3.6561463955837232,1.1915660752927573,1.3653373127892032,1.142415920708271,0.2716418987104706,0.9356480017365627,1.240689658024574,1.7856238450260309,2.7211664831717917,4.469618416178893,1.3353497113975437,12.857591173885801,0.8771859569393228,0.7873375132207091,0.0,0.7613930927103028,0.429621546379794,1.7782047576698121,1.2107493609000914,0.17045020672201072,3.1150854146981053,1.1653395391548258,1.2434169550075227,1.4643059321669063,0.6759580783215382,,1.4660204531687564,2.0833700594080984,,1.8644889435805645,0.9255441877640951,13.421068424730327,0.05579899416733114,1.9064192054388251,2.764535843071123
3/19/20,1.5908027129304727,1.0935759249260129,0.0,0.6182408245848823,0.13254671277524982,2.5435167239261633,3.8202827842776608,4.403572559516246,3.0808286196655454,5.667737396723198,,2.0113850914553986,2.656011727139439,7.30687028478527,1.0594178004791392,1.2870264931605733,3.282874655505314,0.8912366041568167,1.3945807858462729,1.2013809702627318,0.6938735220773767,7.399768628164638,2.901328064323187,1.769858808273015,4.570182994479654,2.4932769138478705,1.5781171537433647,1.6800234128062808,0.5583750140159673,0.9356480017365627,1.4991666701130268,2.7271345996761203,2.7211664831717917,7.126620799600099,1.6691871392469297,24.06460283565328,1.2967096754755207,2.4932354585322454,0.0,1.0180424498036633,1.1119616494535847,2.0864269156659128,1.6091249570672181,0.17045020672201072,4.153447219597474,1.5537860522064346,1.5825306700095743,1.9328838304603162,1.0449760088338065,,1.9338993212013382,2.0833700594080984,,2.7967334153708467,1.195006419644781,16.06063276266653,0.11159798833466228,2.730816699682641,3.1101028234550134
3/20/20,2.1618600970593604,1.5036668967732676,0.0,0.9342305793727108,0.13254671277524982,3.1458619779504686,5.956168159123807,5.441357175453197,4.005077205565208,10.060233879183675,,2.625974980511215,4.3042459549741965,8.524681998916147,2.5426027211499345,2.0144762501643756,3.298657706733705,1.2774391326247705,1.4262758037064154,1.647608187788889,1.4325130778371649,11.400806316649007,4.017223473678259,2.464569742361488,5.716355872460266,4.025290439224272,2.003676835651688,2.6880374604900497,0.9960202952717258,1.777731203299469,1.7059482797837893,4.642621997067681,3.530161924114757,8.98427077105984,2.0030245670963156,33.66335753689521,1.8020450637123042,3.4117958906230723,0.0,1.4800112925717122,1.238320927800583,2.7028712316581145,2.4293100079995384,0.47726057882163003,4.153447219597474,2.447213032225134,1.5825306700095743,2.635750677900431,1.4691741906376288,,2.9632328308730185,2.884666236103521,,2.7967334153708467,1.441037153101059,18.306232274045087,0.4463919533386491,3.761313567487411,3.628453294030849
3/21/20,2.671732761460153,1.7770608780047705,0.0,1.4288232390406166,0.13254671277524982,3.555861688672895,8.230972907943688,5.441357175453197,4.621242929498318,13.885956621971834,,3.547859814094939,4.878773314390884,9.133587855981588,2.5426027211499345,2.3502222918584383,5.918644210646599,1.9013047555345424,2.186956232349837,1.956534722999306,1.4325130778371649,16.219260307081793,4.984332828452655,3.1923621495017933,7.297784273724654,5.407106560152008,2.3760415573214706,3.2928458891003105,1.2223885441971178,2.432684804515063,1.964425291872242,4.90234910179874,4.4862474452291705,13.363821309834623,2.6230083616737465,49.631656252850156,2.4408652714833328,3.674241728363309,0.0,2.1130797067353346,1.3394083504781813,3.248187357343523,3.116703193542816,0.715890868232445,5.097412496778719,3.3794846635489946,1.5825306700095743,4.451490033787395,1.85888471538423,,3.6806470951896437,7.852702531615141,,5.5934668307416935,1.8393726263159862,21.62866897801453,0.6695879300079737,4.84333527868242,3.9740202744147393
3/22/20,3.2020003324369775,2.4605458310835284,0.0,2.088280118597824,1.4580138405277479,4.165799529932801,10.245303830562818,9.171772146253584,5.750880090042351,14.452730361644154,,4.669951960022604,5.509811561619048,16.440458140766857,3.7432762283596253,2.3502222918584383,8.262427318062652,3.0302044541331767,2.8525516074128308,2.2311360876307873,1.4325130778371649,16.92912183245805,6.025835210517388,4.03593971232351,8.937246744760213,10.363620906958015,2.961186119945415,6.955296929018002,1.5091216595026147,3.0876384057306567,2.6364655233022196,4.999746766072887,5.368787926257859,19.0606145556445,2.718390483916428,66.77228964792505,2.9080621398531896,3.674241728363309,0.0,3.045572370841211,1.6932143298497766,3.817212879797863,3.975944675471913,0.7840709509212493,7.079739578859331,3.806775827905765,2.3737960050143614,5.754722313415941,2.2175563487793317,,5.053091774751883,8.333480237632394,,5.5934668307416935,2.5774648266848215,24.07125090267191,0.8927839066772982,6.543655110560291,4.492370744990575
3/23/20,3.9974016889022135,4.100909718472548,0.0,3.2285909728321625,6.262832178630554,5.335057964215276,12.207539987941798,11.640016638211735,6.98321153790857,17.00321219016959,,5.712892377814292,6.84723590649068,17.658269854897735,3.9551597884554535,3.805121805866043,9.643444300546859,3.178743888159313,3.327976875314969,2.883314328630556,2.417365818850216,24.974219120055654,7.58808878361449,4.796813592515647,10.504166628581808,13.267437392965574,4.131475245193304,8.366516595775279,2.761692636889785,3.0876384057306567,2.6364655233022196,5.064678542255652,5.73651312668648,27.30182533812044,3.95835807307129,87.93356544431379,3.3657243782563144,3.936687566103545,0.0,3.7898555064119566,2.0470203092213715,4.528494782865788,5.452277767150089,1.0567912816764664,9.534049299530567,5.787853044468968,3.1650613400191485,6.8968809405061275,2.614164404937377,,7.610829586663331,12.019442650431337,,6.525711302531977,2.975800299899748,27.26236599778881,0.8927839066772982,7.299352813617123,4.492370744990575
3/24/20,4.9355673913996725,4.647697680935554,0.0,4.478811306992703,6.826155707925366,6.4233288013180125,12.468013814142546,17.33380790943338,10.680205881507224,19.978774323449272,,6.574249419294035,8.900464830307692,19.484987426094055,4.9439497355693165,4.532571562869846,12.12927486901843,5.466251172161809,3.866792178937393,3.4325170578935196,2.5964299535798614,29.599074512658554,8.7783772202599,5.772717047544693,15.582147733559204,17.893517449984515,4.627961540753013,10.752149841960199,3.7878953653515626,4.2104160078145325,3.4118965595675785,8.538528568033566,7.428049048658134,34.11320856680616,4.769106112134085,108.68854474541186,4.719641833532226,4.724025079324255,0.0,4.850672849064513,2.6788167009563626,4.978973321475474,7.389476744590236,1.3295116124316835,9.534049299530567,6.642435373182507,3.3911371500205165,9.35691490654653,3.2935712489646374,,8.889698492619054,15.224627357213029,,15.8481560204348,3.432714519175694,29.10086852172447,1.227577871681285,8.26114989023491,5.01072121556641
3/25/20,7.7704594054680785,5.604576615245816,0.0,5.5092126813008395,8.615536330391238,7.587525510776754,17.417016511956792,24.542203755265703,12.220620191339995,26.496672329680948,,7.831365101453659,10.369747913406107,22.52951671142125,4.9439497355693165,5.092148299026617,14.701912219246152,7.085331003046693,4.627472607580814,4.599572857577316,3.2007714082924155,38.37554428094685,10.415023820647338,7.029813023514311,24.359800786448695,22.92012391886657,5.071252876074183,12.66737653255936,5.342290674639256,6.0817120112876575,3.670373571656031,9.999493532145774,7.942864329258203,39.089458793383166,5.389089906711515,130.52698136728503,5.625431680371744,5.905031349155318,0.0,6.022704913124192,4.144584329781543,6.3066995405355994,9.84222061118784,1.7385921085645093,9.534049299530567,8.235066076694102,4.634554105028039,10.762648601426761,4.238533052332502,,10.168567398574778,19.711885946707394,,15.8481560204348,4.639436688032679,33.355688648546995,2.1761607725259147,10.665642581779371,7.602473568445587
3/26/20,10.54416669980839,7.655031474482089,0.0,6.979251975313781,10.305506918275674,9.867832543868767,23.060616079639697,28.384811657518735,13.35025735188403,32.731183466076466,,10.97415430685272,12.799716089299636,27.40076356794476,6.144623242779009,8.169820347888857,14.75715289854552,9.58079349468578,5.673408196965519,5.9039293395768535,3.2007714082924155,49.28159862536391,11.456526202712071,9.643249394609043,31.193312502003987,28.417348921687775,6.099688774019298,16.296227104220925,7.847432629413596,8.420832015629065,3.825459778909103,13.505809446015071,10.075670491744201,60.77330027842232,5.389089906711515,160.3051286679633,7.036556915448045,6.692368862376028,0.0,7.425721398567896,6.2674202060111135,7.492169378982142,14.021258727842993,2.181762646041737,12.460341658792421,8.235066076694102,5.199743630031459,12.710175491208748,5.390420798043695,,11.915315172563083,24.038885300862674,,15.8481560204348,5.45953913288694,41.20872085792932,2.9015476967012193,12.503361996031213,9.157524980173093
3/27/20,11.971810160130609,7.928425455713593,0.0,9.136225518865482,11.465290655059109,11.755855903121422,23.11271084487985,36.2102686263406,16.73916883351613,38.39892086279966,,13.502353623195965,16.793152161310704,31.054198710337392,7.062785336527596,11.471323091213806,23.863973457327088,14.542010591158725,7.448329197133502,7.0709851392606495,3.2007714082924155,58.681886097770736,12.274849502905791,12.81907080758492,42.61151572948173,36.307719235391076,7.0217347514873305,19.45467112029673,10.050750252287413,10.198563218928532,4.135632193415246,16.88226180751884,11.325936173201512,77.01929366518843,6.485984312502354,189.92668252774826,8.45721678049108,8.923158483168036,0.0,9.727010633838363,8.137537525546687,9.863109055875224,18.31746613748848,2.6931132662077695,12.460341658792421,10.526900503698593,6.556198490039665,14.716274618277406,6.6802591719837725,,14.285901437261497,28.52614389035704,,17.712644964015364,7.111459771807667,44.78066861871861,4.240723556717167,14.856329844185439,12.094844313436163
3/28/20,14.154065163766,11.619244202338885,0.0,10.620003497869199,12.492527679067294,12.894743988461496,27.85333448173349,42.74550688345707,21.97657748694756,43.0748042150963,,17.520467822098762,20.117876060885962,33.48982213859915,10.241038737965015,13.094095626068443,27.486183714242806,18.314912215422584,9.445115322322485,9.13049537399676,5.148093873477311,71.11521826951248,15.473749676390332,16.458032843286446,56.59772654433375,45.94037944069891,7.8196591550654375,22.277110453811282,12.616257073441858,12.069859222401659,4.962758632098296,17.30431835270681,13.752922496030406,97.34085850449046,9.919740713238895,221.8124928977468,9.725322566066405,12.334954373791108,0.0,12.028299869108828,9.527489587363668,11.356801052317866,22.22310923716619,3.4090041344402144,12.460341658792421,12.818734930703085,7.686577540046504,17.600957304646215,8.466719807547838,,18.34085162687721,32.69288400917324,,20.509378379386213,8.669654417030761,52.92260836757654,5.356703440063789,18.119569925567212,14.168246195739505
3/29/20,16.825797925226155,13.943093042806664,0.0,12.625851506522373,13.088987886555918,14.810606834244684,36.830999024785996,55.90012809627949,23.825074658746885,48.45915474198334,,19.769308097962092,22.500751830269927,34.09872799566459,10.241038737965015,15.724106286005266,36.2063195179288,22.47401636815439,10.649526001007903,11.327306291048613,8.259333214404904,75.97669417057413,18.449470768003856,20.493972555609957,65.21578590535252,54.00097347944403,8.919021666661939,25.50275540639934,13.808463184448923,14.408979226743066,5.376321851439821,21.135293147489932,15.738638578344956,116.70545214637382,11.30278148575778,252.44555574059916,11.355744290377537,12.859846049271582,0.0,14.141379575844162,10.84162608217245,12.992749429374092,26.80833423618783,4.329435250739071,22.371977069195488,15.032880055097255,10.173411450061549,20.207421863903306,9.628953850376197,,22.021498722066852,36.53910565731127,,21.441622851176493,10.427016798861324,56.9935782420055,6.3052863409084186,19.991639235412546,14.859380156507287
3/30/20,18.3350210118525,15.583456930195682,0.0,15.89565853432686,14.04995155417648,18.065295895905425,36.90045871177286,67.17551770727013,27.111291853056795,56.81906740215006,,25.477544491768384,24.902464562257713,35.31653970979547,11.794851512001085,19.025609029330212,39.79696367238773,26.52914291706791,13.438687572700445,12.768963455363892,9.535165174353628,86.2804417661871,20.086117368391296,23.372060711119342,76.3583273014172,64.1142653789876,10.213432365799754,25.46915493814322,15.860868641372479,15.999580829695223,7.392442545729753,28.569981520416494,18.97462034211682,143.98476051514322,11.30278148575778,282.13482568293256,12.518969146318813,14.303298156842883,0.0,16.536773575382195,12.155762576981232,14.367894441972082,32.455894158321804,5.931667193925972,22.371977069195488,17.9656512286369,11.416828405069072,22.989603135020428,10.853265675907553,,24.29850921315875,36.53910565731127,,27.967334153708467,11.950064196447808,61.05141595554921,8.090854154263015,21.125185789997794,16.241648078042846
3/31/20,20.12977279054329,16.266941883274438,0.0,17.709164953109184,16.20383563677429,20.778380401426666,49.26428299543511,85.57515846550362,32.75947765577696,70.13825028444957,,31.376676229902618,35.451163620400166,42.0145041375153,13.489919992767707,28.818201912073707,47.1597570704321,32.05480986284017,15.68903384077057,14.897124031257873,13.743172340500301,112.17963196476335,22.094729105230424,27.457622633020605,91.21504916283678,75.1187285449266,11.153209996680635,31.483638755989702,20.478780919450482,18.52583043438394,8.736523008589709,32.85547874847897,26.255579310603505,168.9898549794589,15.022684253222367,320.9446054935095,14.635656998933266,16.009196102154416,3.626867836936022,18.812397874943322,14.3038703088802,16.35948377056227,38.76741340740099,8.147519881312112,28.696544426309824,21.034378681744606,12.20809374007386,27.733954355241206,13.136348573095606,,27.012206647747725,45.193104365621835,,27.967334153708467,14.632970766042465,67.73568584614387,9.039437055107646,24.251026289005594,18.833400430922023
4/1/20,21.6186009705936,18.04400276127921,0.0,19.412761891965303,17.893806224658725,23.787575809136328,49.54212174338257,94.57864121457824,37.79149773456402,83.03235286199485,,32.37305680761432,38.82297992648498,46.885750994038816,14.761221353342677,31.67204326647324,54.86188606988688,38.0855108843013,17.33717476949798,16.647707730783566,13.743172340500301,137.58407019110763,22.094729105230424,32.849902740469226,108.62527009418785,91.43016666805183,12.217109201451441,36.05330243882279,24.342132367777175,19.461478436120505,10.70094830046195,36.71891943135348,26.991029711460744,199.75929359763754,15.594976986678455,355.28935611104845,15.970505194275715,18.633654479556782,10.880603510808065,21.789530417226306,18.170464226298346,17.450116021933088,46.93801877192677,9.749751824499013,38.32499025355851,25.113067068786496,14.581889745088219,32.91759735511206,15.019374648419891,,27.012206647747725,49.199585249098945,,27.967334153708467,17.37445608169814,69.66611349627631,10.657607885960248,26.724218771737046,22.461853724952874
4/2/20,25.146919808247088,19.547669658052477,0.0,21.926941245277156,19.882006916287473,27.264980763041354,55.81085849394728,102.37604995053694,40.35885491761864,92.5258130015062,,41.89920008797947,43.04245954974196,49.93028027936601,16.809429100935677,42.91953566322434,60.433303153508874,45.12628005714015,19.460740966127535,18.98181933015116,14.705642064672146,195.98631386979073,27.376634042844433,38.556456841910254,126.16606768252403,105.78903853334437,13.156886832332322,39.547751137459855,28.024389216963552,22.549116841851163,12.613678189916502,42.692642840167835,35.228074201061844,233.3208364153435,17.741074737138796,391.5089957641474,18.849963444228706,20.86444410034879,10.880603510808065,24.81799283092796,22.213961133402293,19.583961731136863,56.77242809691525,10.772453064831078,53.3340381607403,30.18229406410999,18.65125432511284,40.47341596509329,17.481793362305496,,33.188207705777806,53.366325367915145,,27.967334153708467,19.98706815601957,79.3839125513648,12.052582740143526,30.021808748712306,25.91752352879178
4/3/20,30.490385331167396,21.461427526673,0.0,24.303733748681257,21.770797573334782,30.380472392049416,62.47898844468648,131.71450152540314,46.212429294983174,107.2619302329865,,47.761083954049724,50.14399445138429,51.148091993496884,21.612123129774442,49.8582871915683,66.99116093890531,51.053003474782976,22.15481748423965,21.590532294150236,14.705642064672146,220.6378686601299,31.319464489232356,45.6193513384764,147.82728422461332,124.7139114938764,13.972542889323275,45.62943589181859,28.13002773312874,22.73624644219847,14.371321872117983,48.63390036089081,35.228074201061844,282.4416050546093,23.22554676609299,435.86726208853753,21.462452055113214,22.701564964530444,14.507471347744088,28.334089023106998,24.968593401366853,21.314747695268814,66.94272272847603,10.772453064831078,53.3340381607403,33.01795360938673,21.138088235127885,41.38128564303677,19.77522255661071,,38.92752182031081,61.379287134869365,,34.493045456240445,23.572087414953913,83.32356081694122,13.22436161765748,34.555994967053294,27.99092541109512
4/4/20,32.917379213715165,23.375185395293524,0.0,27.738404996375046,22.864307953730595,32.488680781134484,69.98063463926806,141.22285246601467,60.897712382055616,127.80747829610812,,53.71143151627194,55.71031690081482,56.62824470708584,24.084097997559102,57.188742435222004,81.2748223005991,58.7176382705316,24.943979055932196,23.958969064096763,19.876118954990663,268.13405799439596,33.03050411691013,51.689801643487584,166.29662692928824,139.08279651946555,15.302416895286784,48.888681312662776,34.81543668472532,24.79467204601891,16.542528773660983,55.45173686008111,39.71432164629101,339.8823938690796,24.036294805155784,481.77030154606393,23.703090097295178,24.407462909841982,14.507471347744088,31.987064872402495,29.290080720834197,21.314747695268814,81.5810730660681,15.40869868766977,53.3340381607403,37.232598275996686,23.964035860144982,44.52954339719562,22.648044389477253,,44.54206823670179,72.11665590258802,,37.28977887161129,28.199808353774387,88.82593622786295,15.735316355187381,34.86514402739473,32.31051266589375
4/5/20,35.99701010669595,25.288943263914046,0.0,31.173076244068834,25.846608991173714,38.04898550000591,81.5977672878215,152.9470138028159,69.11325536783039,141.9768217879161,,57.48277856275081,59.986307411883274,68.19745599132918,25.567282918229896,60.32237215769992,88.36141230214663,65.52074434892864,27.542970520463886,25.778203104780328,20.614758510750452,279.19068902601407,34.146399526265206,59.827844014238266,178.2371367847065,153.06116829348812,16.454974367121828,55.03756700353376,35.373811698741285,26.759532849665693,18.76543107762168,59.41257520722976,45.37728973289177,379.23079780999956,29.759222139716687,521.2445454166476,25.257234781872455,27.163144206114463,14.507471347744088,34.587778357615214,31.640363298088364,25.32163574921812,90.52499576433006,16.192769638591017,64.5672249591971,39.7963452621373,27.129097200164132,48.05852069371787,24.86215197255086,,49.87588733227322,79.96935843420317,,39.15426781519186,30.894430672581247,95.75971717527744,18.078874110215292,39.84587888845112,34.038347567813204
4/6/20,39.81085763641388,25.972428216992803,0.0,33.79716507730689,26.774435980600465,40.43305789198446,85.20967101113855,186.29636267711408,80.40962697327073,155.43769810513368,,62.003739034517466,65.87285822557884,68.80636184839462,26.556072865343758,61.60939865086049,96.19769723704273,73.31906463530078,29.983486895694867,29.142069821515975,20.614758510750452,318.7708468045691,36.303797317685,66.90727924733032,197.1852605649936,167.8105534103472,17.37702034458986,58.397613829146316,41.27447738739651,27.975875251923227,21.505287405759283,62.33450513545418,52.51115862120701,422.97001077436977,32.71606792923981,557.8747138201965,28.241573961459498,29.52515674577659,14.507471347744088,38.09531957122448,33.535752473293336,25.32163574921812,102.53875393893871,17.4881912096783,70.7973957885933,43.350630856559526,32.55491664019696,50.41605324450658,27.73842257112312,,52.34004937057816,83.6553208470021,,40.08651228698214,33.71792623272235,100.63174886370695,19.250652987729243,42.061447154231374,36.28453294030849
4/7/20,44.23655236341276,29.11645900115509,0.0,35.37711385124604,29.889283730818832,43.80669748700294,89.89819988275204,210.05321591221127,95.30029863498754,171.5907496857948,,67.71197542832375,78.48420468884022,73.67760870491813,28.321769199475657,65.47047813034222,106.44089748426845,81.84522814840099,33.152988681709125,31.304555567988896,22.315867790682084,349.23035952980496,37.94044391807245,72.29955935477895,217.23603167093287,184.67271534978423,18.848747577856145,64.34489671048055,47.22041672583681,29.84717125539635,23.05614947829,67.88617199908057,52.51115862120701,475.20937966875283,37.86670253034463,591.9866904039751,31.454744260248106,31.09983177221801,14.507471347744088,40.90990752068166,37.200171545356284,26.839037142429696,116.02103391902617,19.53359369034243,82.69135828107699,46.943761102286906,36.172129600218845,55.49719482912575,30.780233923570044,,54.242756767243996,91.66828261395634,,40.08651228698214,39.07202362269945,105.2542694953166,22.98918559694043,44.27701542001163,37.32123388146016
4/8/20,47.4793425090018,30.756822888544107,0.0,37.45165528485309,31.678664353284706,47.40305297426571,94.06578110196405,210.05321591221127,114.60682465155828,204.0385462820351,,71.94892087560248,85.1807448945003,73.67760870491813,28.321769199475657,67.7087850749693,118.41234184100296,88.27698564173268,36.29079544986323,35.90412842556621,22.315867790682084,365.27753219437125,39.353911436588874,91.4537322517897,240.36260847474423,198.82131084884864,20.391401424773814,67.30173791701961,48.41262283684388,31.063513657653886,26.829913854781413,73.3404411984328,54.86459990395018,518.4081853686985,39.15436118062083,639.328696615656,33.36167025359446,32.93695263639967,19.947773103148123,44.04102967722066,38.51430804016507,28.000797584107307,129.90950078148012,21.13582563352933,111.01031659651431,46.943761102286906,44.423896665268764,59.3043902527597,33.7185823048453,,57.64267654161409,91.66828261395634,,41.9510012305627,42.70390587848261,109.79799716161473,25.779135305306983,46.544108529182125,38.185151332419885
4/9/20,55.127432475013684,32.12379279470162,0.0,41.46335130215943,36.64916608235657,49.87317468824774,94.06578110196405,263.4290030508063,124.15739337252147,215.79910138023575,,76.18121033887321,89.90882250806057,77.93994970437622,30.864371920625597,68.93985389451419,129.05800989455264,94.33739454999905,40.25267268238105,38.30689036609167,28.31451630412521,392.18773729272584,41.362523173428,102.30445541279062,271.8605998430469,210.3264320296165,21.951786925104333,75.93705825884389,51.793055354129734,33.12193926147432,29.36298857324825,77.88566553122634,57.87994654746487,563.2732468006201,41.25276786995983,684.6900074127949,35.621377555709884,35.29896517606179,19.947773103148123,47.155041876620096,42.557804947269005,31.320113131757623,142.94653744820434,23.283498238226663,111.01031659651431,54.246555547657145,50.527943535305695,63.27265932893202,38.653766029733674,,57.892211937898125,99.36072591023239,,41.9510012305627,47.35505831572749,115.57614795112683,28.6806830020082,49.566899341409446,39.74020274414739
4/10/20,60.10378967956542,33.62745969147489,0.0,42.7547876912923,38.10717992288432,53.34298705491716,103.61648806265819,284.1566471366821,135.24837640331745,235.21110196401267,,81.6147436762076,96.43583005028621,79.15776141850709,30.864371920625597,75.76669007562678,140.51650508636445,102.59618708185221,43.99268478987788,38.34121553667061,29.27698602829706,412.98883108178165,43.37113491026713,115.25585211258286,302.43004609501077,222.4223296678825,23.67175730615047,82.95955612437415,58.810471070816895,34.151152063384544,32.82658053523352,83.63212772340103,57.87994654746487,607.2714049125273,51.55403707216946,729.4207121912015,37.80480781809146,36.47997144589286,19.947773103148123,50.286164033159096,45.337709070902974,31.34382252852655,156.6240995832757,24.715279974691555,124.50902006020611,59.56827277646418,60.58831708036656,67.27021452374767,41.74730886776643,,65.59661729816797,99.36072591023239,,46.61222358951411,52.826313197826636,120.96033391408127,32.02862265204807,52.692739840417254,41.2952541558749
4/11/20,65.61041445509399,35.13112658824816,0.0,46.61535817370012,40.062243936319256,54.924776062333926,110.57982168309157,310.04516606937955,150.54982521432296,251.93092728434613,,86.09845627591027,101.36169577118666,80.9844789897034,32.41818469466166,78.11691236748523,150.6886816030624,110.43906919843218,47.85947696881527,43.76459248814237,29.27698602829706,429.3586680760644,45.602925728977276,127.2644268303979,328.40029231760946,234.09767457369222,25.23214280648099,88.77243713268389,61.994717772367416,35.273929665468415,36.13508628996571,84.60610436614249,65.08736047586582,644.2893025256159,52.03094768338286,766.1482224634137,41.51377887515012,38.44831522894463,19.947773103148123,53.46861606111676,47.20782639043855,32.505582970204166,169.65332496380054,26.86295257938889,160.4740971208115,62.36508767043577,70.7617285304281,70.82847793891325,44.91327578561934,,68.84057744986055,112.18146473735914,,47.54446806130439,59.48085875035836,125.88489424605177,32.19601963455007,55.18310727094545,45.096490940097695
4/12/20,72.66705213040095,37.18158144748443,0.0,48.662422237325615,41.58653113323463,57.670761779209435,124.17655541077069,323.5083178436967,166.87821689855036,265.6751904713999,,92.62148987111631,105.80721894568954,80.9844789897034,34.89015956244632,78.73244677725768,163.75704802017012,117.76206329592071,50.29999334404625,46.1330292580889,41.43096417307175,441.8565331137495,46.86760719291303,136.0475579256593,364.1928048489787,240.4560313620191,28.654351915160426,93.44290222028535,64.42440364416662,36.209577667204975,39.70206905678637,91.32654320105866,68.24979719955196,681.9939677039108,59.375371096069344,800.0358895237506,43.573258947964185,40.4166590119964,19.947773103148123,56.47996851767886,49.78555566871731,36.18053946938844,179.17528284081482,30.57876708592872,160.4740971208115,64.48212116656703,82.51767065049924,76.43676965911251,47.16876855716162,,71.71023450712704,115.38664944414086,,47.54446806130439,61.788861345162495,129.7063530636609,33.088803541227364,57.38150058892896,46.6515423518252
4/13/20,76.15458115490237,37.865066400563194,0.0,50.90182789082196,45.52979583829831,60.56606837838509,131.03569950072378,361.5417216061428,180.53655711240097,277.01066526484624,,97.85481589610674,113.92594982793847,80.9844789897034,35.2432988292727,79.79564257595555,173.29790248773244,124.16411290244719,54.19848054084379,47.71198710471992,42.66203009933807,450.86962339049654,51.55436791220433,147.80802159558561,383.3150308385793,254.4243899757451,28.654351915160426,98.85257760952157,68.13684292654305,36.86453126842057,40.89106331239325,97.07300539323333,72.36831944435251,713.5740172187265,60.186119135132145,828.45971517346,46.58620201745142,43.43478614600912,19.947773103148123,59.670975524206305,52.287469379987876,37.55568448198643,189.75176435474208,30.783307333995133,160.4740971208115,65.86110628790024,98.11690154059362,77.66678664213272,49.23113044918346,,73.70651767739939,118.59183415092254,,47.54446806130439,67.33041072253486,131.53172342671132,34.093185436239324,58.875721047245875,47.515459802784925
4/14/20,80.62106569505332,38.95864232548921,0.0,52.33065112986258,48.1475934156095,64.17254731529532,135.984702198538,377.4170214066918,196.65956022198398,291.6050890614085,,100.6856541729699,128.3362262198652,80.9844789897034,35.87894950956019,81.92203417335128,183.03604509564963,126.65957539408626,60.188838916410724,49.46257080424561,45.32560910344154,461.6681229583415,54.53008900381786,156.67385637347658,401.27657543275643,267.88207741434564,29.43454466532568,103.72464550665978,71.60782274339907,37.332355269288854,45.440258725150024,101.7480932783924,67.73498191895189,755.6920083898227,64.14447720820344,859.2324424365685,48.75056301989954,44.7470153347103,19.947773103148123,62.3230188808377,55.19373278196883,38.71744492366404,198.914403066586,31.465108160883176,160.4740971208115,69.00752304361826,111.68145014067566,79.52645517598468,51.75217818006633,,75.39088160231668,114.26483479676725,,47.54446806130439,72.42676162984348,135.45823953140248,35.71135626709193,61.0397644696359,48.724944234128536
4/15/20,83.10924429732918,40.05221825041522,0.0,54.460147303432734,50.400887532788744,67.5385943230782,136.08889172901831,398.78977484842034,205.08049178240316,311.3004765150216,,104.78757608401666,132.24489596015906,82.20229070383428,36.938367310039325,82.42565323589237,193.7211707772703,133.09133288741796,63.23156063098442,51.625056550718526,47.720591905450554,470.9823666094905,57.13384495897968,165.93666882798956,425.76695287619026,278.53607996990445,32.04109771701416,112.89757334058208,72.30201870677027,37.80017927015713,45.595344932403094,104.08563722097192,83.76780065763975,786.3038282225442,70.7735347040698,907.6240479277502,50.91492402234765,47.896365387593136,23.574640940084144,66.67750297285505,57.19020937985141,39.42872682673197,208.97533969135577,33.20370026944769,235.51933665672044,71.00802258583406,132.02827304079878,79.52645517598468,54.85951608092198,,79.4770237164679,119.23287109227886,,47.54446806130439,76.15236987932427,138.66248678740462,39.17089390546646,63.890805803895766,49.58886168508827
4/16/20,88.61586907285775,41.009097184725476,0.0,58.210808305914355,52.223404833448434,70.04667897323823,141.95823527940854,430.54037444951837,210.83137187244546,332.9795720574878,,108.65669879466351,139.5630559317454,82.20229070383428,36.938367310039325,88.80482802807957,202.64648624692535,141.73632794773908,67.85903323856523,55.43515048498033,52.77915371156304,483.4802316471756,59.06806366852848,178.3753026954784,457.6421656980055,286.0459501923378,32.04109771701416,121.76809696019923,78.08195466266528,38.82939207206736,48.02502884603455,104.28043254952023,83.76780065763975,836.1563983657184,70.7735347040698,946.7173888339989,53.76577838240045,51.57060711595645,23.574640940084144,71.98158968611784,59.565763812774975,41.159512790863914,220.7313254213857,35.555913122211436,247.9796783155128,76.34916214029367,148.19269345589657,83.84615767587705,58.20137004976673,,83.68793352876114,121.63675962236513,,47.54446806130439,80.70979632287153,141.63035514747222,40.62166775381707,66.55292271239142,51.143913096815766
4/17/20,93.22511795904092,42.239370100267244,0.0,61.975207993386746,54.741792376178175,73.79235534280113,149.25150241302953,457.5788709296054,235.6833894044142,350.8329448571659,,115.25888411800555,152.19323935761062,82.81119656089972,37.43276228359626,90.03589684762446,217.0485204928321,150.8269413101386,73.88108663199232,59.38254510155788,54.50264600833589,496.0856514614328,61.448640541819294,191.40940307790024,488.0955438104271,299.4535718294554,36.70452256459287,127.44657609548447,81.05492433188543,39.484345673282945,50.351321954830624,111.22813260107604,94.50537651015547,875.3246665518301,76.16262461078132,975.945342963971,57.636838148893546,51.57060711595645,23.574640940084144,77.91018983497446,59.565763812774975,42.32127323254153,233.46372192633507,36.40816415582149,319.7210393812874,79.61211284992719,159.49648395596495,84.98831630296723,61.557019081434355,,87.11904522766673,123.23935197575597,,47.54446806130439,87.76267734861817,146.85695517980358,43.24422047968164,69.61006342021223,52.698964508543284
4/18/20,96.10079978626138,42.922855053346,0.0,64.90154789642185,56.3986262858688,77.16852580023149,155.93699728551545,477.5211644953127,257.55727260403955,377.7546974916011,,118.67637637987653,156.66701797601922,82.81119656089972,40.11662071147674,92.6099498339456,229.45399875834738,158.06081174721143,79.61788486467812,62.50613562424098,58.95686635973582,506.00220186138597,62.93650108762606,203.88111841844093,517.0690531436837,307.0936131357443,39.169222388978575,133.5282608498432,84.19389738365086,39.85860487397757,61.4658334746341,116.61747002424552,98.69744379504174,908.2444757430318,85.74852789617084,1022.9868590593431,60.33513842947863,69.2857011634224,25.388074858552155,87.4489909402777,59.565763812774975,43.72012764190845,247.242830781998,38.11266622304159,315.7563852171262,82.50603937216167,174.30444951105454,92.14877231126341,64.50571375982679,,90.9868438700694,127.085573623894,,49.408957004884954,94.34692840587667,148.81364715170653,43.80221042135494,72.11760579853717,53.39009846931106
4/19/20,99.69030334364295,43.60634000642476,0.0,67.77293305949387,57.49213666626461,79.54753646738631,166.9810875164272,488.9648435034823,257.55727260403955,395.74976372619733,,122.50359523445138,161.80009028556177,82.81119656089972,40.540387831668404,93.3373995909494,238.65551762449928,166.5275594867012,91.75707670511272,65.38944995287154,64.48547151951362,513.466503355494,64.34996860614248,212.4988421484432,540.616376953336,313.60216732851984,41.70484882701566,143.60840132668088,86.66885690523516,40.513558475193165,74.13120706696829,120.38351304284588,102.2276057191565,953.7737877708088,87.99000776887385,1048.8163122964152,62.90948852049621,76.76540753901914,25.388074858552155,99.25486136657229,64.87285350334889,45.284947828657884,257.0069385311923,41.3512201507598,347.00163589182534,85.01151938134454,184.81697467611815,98.22564192975608,66.42322749220828,,95.72801639946626,128.68816597728485,,49.408957004884954,100.0759297706443,155.20900950282558,49.66110480892471,74.64232312465886,54.081232430078835
4/20/20,103.58573049966502,43.87973398765626,0.0,69.62765553324851,63.88751555767041,85.254631206146,166.9810875164272,541.3589424918667,278.7122957924097,414.73668400522,,125.97230332041035,171.0396204427383,82.81119656089972,40.822899245129506,93.56123028541212,247.6597483502963,173.61289048974788,100.06117138447009,70.29794934565928,66.63424113626937,526.2440108122665,65.01950585175553,226.34343862063488,540.616376953336,319.4498529417213,43.7262573160802,151.60531277163878,88.88726574470401,40.513558475193165,83.28129329489953,123.17557941870477,106.12549284369987,992.2890638457407,93.9990814701628,1071.014490606827,65.74127362061554,82.27677013156409,25.388074858552155,110.5217681429708,67.72857319399107,46.39928947679763,264.91196016494,42.68073176319148,399.2029157199482,86.35165985137259,190.46886992615234,101.1542537940899,68.11657145371787,,100.21965353257903,129.00868444796302,,49.408957004884954,105.32458541771157,156.99498338322022,50.33069273893269,77.27009013756103,54.77236639084663
4/21/20,108.43971826476056,44.97330991258227,0.0,72.21052831151424,64.45083908696522,89.7570354368571,179.67484531327707,556.9537599637841,297.9161275216582,438.96626137621166,inf,129.7389943828812,173.68621368857583,82.81119656089972,40.96415495186006,97.14252139681544,259.37077236176236,179.68815334141684,114.73596465371608,74.27966913281576,70.08122572981506,533.3641370213436,65.98661520652992,234.76267351232616,584.257997421256,326.1286308595387,45.44622769712633,158.45980829588842,91.5433198654286,40.88781767588779,87.10675307380863,126.71436122066544,108.55247916652876,1005.5403003088203,93.9990814701628,1093.4496752061584,68.02005018266445,84.5075597523561,25.388074858552155,117.41708087021242,70.93809886400481,47.513631124937376,275.3400272410795,44.248873665033976,424.78437473155986,86.21570357180453,198.38152327620023,103.86321976859865,70.95490562952718,inf,102.83977519356148,130.61127680135388,inf,49.408957004884954,112.82266491352195,162.89132362069958,50.66548670393668,79.43413355995105,76.54308615503172
