Date,Alabama,Alaska,American Samoa,Arizona,Arkansas,California,Colorado,Connecticut,Delaware,District of Columbia,Florida,Georgia,Guam,Hawaii,Idaho,Illinois,Indiana,Iowa,Kansas,Kentucky,Louisiana,Maine,Maryland,Massachusetts,Michigan,Minnesota,Mississippi,Missouri,Montana,Nebraska,Nevada,New Hampshire,New Jersey,New Mexico,New York,North Carolina,North Dakota,Northern Mariana Islands,Ohio,Oklahoma,Oregon,Pennsylvania,Puerto Rico,Rhode Island,South Carolina,South Dakota,Tennessee,Texas,Utah,Vermont,Virgin Islands,Virginia,Washington,West Virginia,Wisconsin,Wyoming
1/22/20,0.0,0.0,0.0,0.0,0.0,0.0,0.0,0.0,0.0,0.0,0.0,0.0,0.0,0.0,0.0,0.0,0.0,0.0,0.0,0.0,0.0,0.0,0.0,0.0,0.0,0.0,0.0,0.0,0.0,0.0,0.0,0.0,0.0,0.0,0.0,0.0,0.0,0.0,0.0,0.0,0.0,0.0,0.0,0.0,0.0,0.0,0.0,0.0,0.0,0.0,0.0,0.0,0.0,0.0,0.0,0.0
1/23/20,0.0,0.0,0.0,0.0,0.0,0.0,0.0,0.0,0.0,0.0,0.0,0.0,0.0,0.0,0.0,0.0,0.0,0.0,0.0,0.0,0.0,0.0,0.0,0.0,0.0,0.0,0.0,0.0,0.0,0.0,0.0,0.0,0.0,0.0,0.0,0.0,0.0,0.0,0.0,0.0,0.0,0.0,0.0,0.0,0.0,0.0,0.0,0.0,0.0,0.0,0.0,0.0,0.0,0.0,0.0,0.0
1/24/20,0.0,0.0,0.0,0.0,0.0,0.0,0.0,0.0,0.0,0.0,0.0,0.0,0.0,0.0,0.0,0.0,0.0,0.0,0.0,0.0,0.0,0.0,0.0,0.0,0.0,0.0,0.0,0.0,0.0,0.0,0.0,0.0,0.0,0.0,0.0,0.0,0.0,0.0,0.0,0.0,0.0,0.0,0.0,0.0,0.0,0.0,0.0,0.0,0.0,0.0,0.0,0.0,0.0,0.0,0.0,0.0
1/25/20,0.0,0.0,0.0,0.0,0.0,0.0,0.0,0.0,0.0,0.0,0.0,0.0,0.0,0.0,0.0,0.0,0.0,0.0,0.0,0.0,0.0,0.0,0.0,0.0,0.0,0.0,0.0,0.0,0.0,0.0,0.0,0.0,0.0,0.0,0.0,0.0,0.0,0.0,0.0,0.0,0.0,0.0,0.0,0.0,0.0,0.0,0.0,0.0,0.0,0.0,0.0,0.0,0.0,0.0,0.0,0.0
1/26/20,0.0,0.0,0.0,0.0,0.0,0.0,0.0,0.0,0.0,0.0,0.0,0.0,0.0,0.0,0.0,0.0,0.0,0.0,0.0,0.0,0.0,0.0,0.0,0.0,0.0,0.0,0.0,0.0,0.0,0.0,0.0,0.0,0.0,0.0,0.0,0.0,0.0,0.0,0.0,0.0,0.0,0.0,0.0,0.0,0.0,0.0,0.0,0.0,0.0,0.0,0.0,0.0,0.0,0.0,0.0,0.0
1/27/20,0.0,0.0,0.0,0.0,0.0,0.0,0.0,0.0,0.0,0.0,0.0,0.0,0.0,0.0,0.0,0.0,0.0,0.0,0.0,0.0,0.0,0.0,0.0,0.0,0.0,0.0,0.0,0.0,0.0,0.0,0.0,0.0,0.0,0.0,0.0,0.0,0.0,0.0,0.0,0.0,0.0,0.0,0.0,0.0,0.0,0.0,0.0,0.0,0.0,0.0,0.0,0.0,0.0,0.0,0.0,0.0
1/28/20,0.0,0.0,0.0,0.0,0.0,0.0,0.0,0.0,0.0,0.0,0.0,0.0,0.0,0.0,0.0,0.0,0.0,0.0,0.0,0.0,0.0,0.0,0.0,0.0,0.0,0.0,0.0,0.0,0.0,0.0,0.0,0.0,0.0,0.0,0.0,0.0,0.0,0.0,0.0,0.0,0.0,0.0,0.0,0.0,0.0,0.0,0.0,0.0,0.0,0.0,0.0,0.0,0.0,0.0,0.0,0.0
1/29/20,0.0,0.0,0.0,0.0,0.0,0.0,0.0,0.0,0.0,0.0,0.0,0.0,0.0,0.0,0.0,0.0,0.0,0.0,0.0,0.0,0.0,0.0,0.0,0.0,0.0,0.0,0.0,0.0,0.0,0.0,0.0,0.0,0.0,0.0,0.0,0.0,0.0,0.0,0.0,0.0,0.0,0.0,0.0,0.0,0.0,0.0,0.0,0.0,0.0,0.0,0.0,0.0,0.0,0.0,0.0,0.0
1/30/20,0.0,0.0,0.0,0.0,0.0,0.0,0.0,0.0,0.0,0.0,0.0,0.0,0.0,0.0,0.0,0.0,0.0,0.0,0.0,0.0,0.0,0.0,0.0,0.0,0.0,0.0,0.0,0.0,0.0,0.0,0.0,0.0,0.0,0.0,0.0,0.0,0.0,0.0,0.0,0.0,0.0,0.0,0.0,0.0,0.0,0.0,0.0,0.0,0.0,0.0,0.0,0.0,0.0,0.0,0.0,0.0
1/31/20,0.0,0.0,0.0,0.0,0.0,0.0,0.0,0.0,0.0,0.0,0.0,0.0,0.0,0.0,0.0,0.0,0.0,0.0,0.0,0.0,0.0,0.0,0.0,0.0,0.0,0.0,0.0,0.0,0.0,0.0,0.0,0.0,0.0,0.0,0.0,0.0,0.0,0.0,0.0,0.0,0.0,0.0,0.0,0.0,0.0,0.0,0.0,0.0,0.0,0.0,0.0,0.0,0.0,0.0,0.0,0.0
2/1/20,0.0,0.0,0.0,0.0,0.0,0.0,0.0,0.0,0.0,0.0,0.0,0.0,0.0,0.0,0.0,0.0,0.0,0.0,0.0,0.0,0.0,0.0,0.0,0.0,0.0,0.0,0.0,0.0,0.0,0.0,0.0,0.0,0.0,0.0,0.0,0.0,0.0,0.0,0.0,0.0,0.0,0.0,0.0,0.0,0.0,0.0,0.0,0.0,0.0,0.0,0.0,0.0,0.0,0.0,0.0,0.0
2/2/20,0.0,0.0,0.0,0.0,0.0,0.0,0.0,0.0,0.0,0.0,0.0,0.0,0.0,0.0,0.0,0.0,0.0,0.0,0.0,0.0,0.0,0.0,0.0,0.0,0.0,0.0,0.0,0.0,0.0,0.0,0.0,0.0,0.0,0.0,0.0,0.0,0.0,0.0,0.0,0.0,0.0,0.0,0.0,0.0,0.0,0.0,0.0,0.0,0.0,0.0,0.0,0.0,0.0,0.0,0.0,0.0
2/3/20,0.0,0.0,0.0,0.0,0.0,0.0,0.0,0.0,0.0,0.0,0.0,0.0,0.0,0.0,0.0,0.0,0.0,0.0,0.0,0.0,0.0,0.0,0.0,0.0,0.0,0.0,0.0,0.0,0.0,0.0,0.0,0.0,0.0,0.0,0.0,0.0,0.0,0.0,0.0,0.0,0.0,0.0,0.0,0.0,0.0,0.0,0.0,0.0,0.0,0.0,0.0,0.0,0.0,0.0,0.0,0.0
2/4/20,0.0,0.0,0.0,0.0,0.0,0.0,0.0,0.0,0.0,0.0,0.0,0.0,0.0,0.0,0.0,0.0,0.0,0.0,0.0,0.0,0.0,0.0,0.0,0.0,0.0,0.0,0.0,0.0,0.0,0.0,0.0,0.0,0.0,0.0,0.0,0.0,0.0,0.0,0.0,0.0,0.0,0.0,0.0,0.0,0.0,0.0,0.0,0.0,0.0,0.0,0.0,0.0,0.0,0.0,0.0,0.0
2/5/20,0.0,0.0,0.0,0.0,0.0,0.0,0.0,0.0,0.0,0.0,0.0,0.0,0.0,0.0,0.0,0.0,0.0,0.0,0.0,0.0,0.0,0.0,0.0,0.0,0.0,0.0,0.0,0.0,0.0,0.0,0.0,0.0,0.0,0.0,0.0,0.0,0.0,0.0,0.0,0.0,0.0,0.0,0.0,0.0,0.0,0.0,0.0,0.0,0.0,0.0,0.0,0.0,0.0,0.0,0.0,0.0
2/6/20,0.0,0.0,0.0,0.0,0.0,0.0,0.0,0.0,0.0,0.0,0.0,0.0,0.0,0.0,0.0,0.0,0.0,0.0,0.0,0.0,0.0,0.0,0.0,0.0,0.0,0.0,0.0,0.0,0.0,0.0,0.0,0.0,0.0,0.0,0.0,0.0,0.0,0.0,0.0,0.0,0.0,0.0,0.0,0.0,0.0,0.0,0.0,0.0,0.0,0.0,0.0,0.0,0.0,0.0,0.0,0.0
2/7/20,0.0,0.0,0.0,0.0,0.0,0.0,0.0,0.0,0.0,0.0,0.0,0.0,0.0,0.0,0.0,0.0,0.0,0.0,0.0,0.0,0.0,0.0,0.0,0.0,0.0,0.0,0.0,0.0,0.0,0.0,0.0,0.0,0.0,0.0,0.0,0.0,0.0,0.0,0.0,0.0,0.0,0.0,0.0,0.0,0.0,0.0,0.0,0.0,0.0,0.0,0.0,0.0,0.0,0.0,0.0,0.0
2/8/20,0.0,0.0,0.0,0.0,0.0,0.0,0.0,0.0,0.0,0.0,0.0,0.0,0.0,0.0,0.0,0.0,0.0,0.0,0.0,0.0,0.0,0.0,0.0,0.0,0.0,0.0,0.0,0.0,0.0,0.0,0.0,0.0,0.0,0.0,0.0,0.0,0.0,0.0,0.0,0.0,0.0,0.0,0.0,0.0,0.0,0.0,0.0,0.0,0.0,0.0,0.0,0.0,0.0,0.0,0.0,0.0
2/9/20,0.0,0.0,0.0,0.0,0.0,0.0,0.0,0.0,0.0,0.0,0.0,0.0,0.0,0.0,0.0,0.0,0.0,0.0,0.0,0.0,0.0,0.0,0.0,0.0,0.0,0.0,0.0,0.0,0.0,0.0,0.0,0.0,0.0,0.0,0.0,0.0,0.0,0.0,0.0,0.0,0.0,0.0,0.0,0.0,0.0,0.0,0.0,0.0,0.0,0.0,0.0,0.0,0.0,0.0,0.0,0.0
2/10/20,0.0,0.0,0.0,0.0,0.0,0.0,0.0,0.0,0.0,0.0,0.0,0.0,0.0,0.0,0.0,0.0,0.0,0.0,0.0,0.0,0.0,0.0,0.0,0.0,0.0,0.0,0.0,0.0,0.0,0.0,0.0,0.0,0.0,0.0,0.0,0.0,0.0,0.0,0.0,0.0,0.0,0.0,0.0,0.0,0.0,0.0,0.0,0.0,0.0,0.0,0.0,0.0,0.0,0.0,0.0,0.0
2/11/20,0.0,0.0,0.0,0.0,0.0,0.0,0.0,0.0,0.0,0.0,0.0,0.0,0.0,0.0,0.0,0.0,0.0,0.0,0.0,0.0,0.0,0.0,0.0,0.0,0.0,0.0,0.0,0.0,0.0,0.0,0.0,0.0,0.0,0.0,0.0,0.0,0.0,0.0,0.0,0.0,0.0,0.0,0.0,0.0,0.0,0.0,0.0,0.0,0.0,0.0,0.0,0.0,0.0,0.0,0.0,0.0
2/12/20,0.0,0.0,0.0,0.0,0.0,0.0,0.0,0.0,0.0,0.0,0.0,0.0,0.0,0.0,0.0,0.0,0.0,0.0,0.0,0.0,0.0,0.0,0.0,0.0,0.0,0.0,0.0,0.0,0.0,0.0,0.0,0.0,0.0,0.0,0.0,0.0,0.0,0.0,0.0,0.0,0.0,0.0,0.0,0.0,0.0,0.0,0.0,0.0,0.0,0.0,0.0,0.0,0.0,0.0,0.0,0.0
2/13/20,0.0,0.0,0.0,0.0,0.0,0.0,0.0,0.0,0.0,0.0,0.0,0.0,0.0,0.0,0.0,0.0,0.0,0.0,0.0,0.0,0.0,0.0,0.0,0.0,0.0,0.0,0.0,0.0,0.0,0.0,0.0,0.0,0.0,0.0,0.0,0.0,0.0,0.0,0.0,0.0,0.0,0.0,0.0,0.0,0.0,0.0,0.0,0.0,0.0,0.0,0.0,0.0,0.0,0.0,0.0,0.0
2/14/20,0.0,0.0,0.0,0.0,0.0,0.0,0.0,0.0,0.0,0.0,0.0,0.0,0.0,0.0,0.0,0.0,0.0,0.0,0.0,0.0,0.0,0.0,0.0,0.0,0.0,0.0,0.0,0.0,0.0,0.0,0.0,0.0,0.0,0.0,0.0,0.0,0.0,0.0,0.0,0.0,0.0,0.0,0.0,0.0,0.0,0.0,0.0,0.0,0.0,0.0,0.0,0.0,0.0,0.0,0.0,0.0
2/15/20,0.0,0.0,0.0,0.0,0.0,0.0,0.0,0.0,0.0,0.0,0.0,0.0,0.0,0.0,0.0,0.0,0.0,0.0,0.0,0.0,0.0,0.0,0.0,0.0,0.0,0.0,0.0,0.0,0.0,0.0,0.0,0.0,0.0,0.0,0.0,0.0,0.0,0.0,0.0,0.0,0.0,0.0,0.0,0.0,0.0,0.0,0.0,0.0,0.0,0.0,0.0,0.0,0.0,0.0,0.0,0.0
2/16/20,0.0,0.0,0.0,0.0,0.0,0.0,0.0,0.0,0.0,0.0,0.0,0.0,0.0,0.0,0.0,0.0,0.0,0.0,0.0,0.0,0.0,0.0,0.0,0.0,0.0,0.0,0.0,0.0,0.0,0.0,0.0,0.0,0.0,0.0,0.0,0.0,0.0,0.0,0.0,0.0,0.0,0.0,0.0,0.0,0.0,0.0,0.0,0.0,0.0,0.0,0.0,0.0,0.0,0.0,0.0,0.0
2/17/20,0.0,0.0,0.0,0.0,0.0,0.0,0.0,0.0,0.0,0.0,0.0,0.0,0.0,0.0,0.0,0.0,0.0,0.0,0.0,0.0,0.0,0.0,0.0,0.0,0.0,0.0,0.0,0.0,0.0,0.0,0.0,0.0,0.0,0.0,0.0,0.0,0.0,0.0,0.0,0.0,0.0,0.0,0.0,0.0,0.0,0.0,0.0,0.0,0.0,0.0,0.0,0.0,0.0,0.0,0.0,0.0
2/18/20,0.0,0.0,0.0,0.0,0.0,0.0,0.0,0.0,0.0,0.0,0.0,0.0,0.0,0.0,0.0,0.0,0.0,0.0,0.0,0.0,0.0,0.0,0.0,0.0,0.0,0.0,0.0,0.0,0.0,0.0,0.0,0.0,0.0,0.0,0.0,0.0,0.0,0.0,0.0,0.0,0.0,0.0,0.0,0.0,0.0,0.0,0.0,0.0,0.0,0.0,0.0,0.0,0.0,0.0,0.0,0.0
2/19/20,0.0,0.0,0.0,0.0,0.0,0.0,0.0,0.0,0.0,0.0,0.0,0.0,0.0,0.0,0.0,0.0,0.0,0.0,0.0,0.0,0.0,0.0,0.0,0.0,0.0,0.0,0.0,0.0,0.0,0.0,0.0,0.0,0.0,0.0,0.0,0.0,0.0,0.0,0.0,0.0,0.0,0.0,0.0,0.0,0.0,0.0,0.0,0.0,0.0,0.0,0.0,0.0,0.0,0.0,0.0,0.0
2/20/20,0.0,0.0,0.0,0.0,0.0,0.0,0.0,0.0,0.0,0.0,0.0,0.0,0.0,0.0,0.0,0.0,0.0,0.0,0.0,0.0,0.0,0.0,0.0,0.0,0.0,0.0,0.0,0.0,0.0,0.0,0.0,0.0,0.0,0.0,0.0,0.0,0.0,0.0,0.0,0.0,0.0,0.0,0.0,0.0,0.0,0.0,0.0,0.0,0.0,0.0,0.0,0.0,0.0,0.0,0.0,0.0
2/21/20,0.0,0.0,0.0,0.0,0.0,0.0,0.0,0.0,0.0,0.0,0.0,0.0,0.0,0.0,0.0,0.0,0.0,0.0,0.0,0.0,0.0,0.0,0.0,0.0,0.0,0.0,0.0,0.0,0.0,0.0,0.0,0.0,0.0,0.0,0.0,0.0,0.0,0.0,0.0,0.0,0.0,0.0,0.0,0.0,0.0,0.0,0.0,0.0,0.0,0.0,0.0,0.0,0.0,0.0,0.0,0.0
2/22/20,0.0,0.0,0.0,0.0,0.0,0.0,0.0,0.0,0.0,0.0,0.0,0.0,0.0,0.0,0.0,0.0,0.0,0.0,0.0,0.0,0.0,0.0,0.0,0.0,0.0,0.0,0.0,0.0,0.0,0.0,0.0,0.0,0.0,0.0,0.0,0.0,0.0,0.0,0.0,0.0,0.0,0.0,0.0,0.0,0.0,0.0,0.0,0.0,0.0,0.0,0.0,0.0,0.0,0.0,0.0,0.0
2/23/20,0.0,0.0,0.0,0.0,0.0,0.0,0.0,0.0,0.0,0.0,0.0,0.0,0.0,0.0,0.0,0.0,0.0,0.0,0.0,0.0,0.0,0.0,0.0,0.0,0.0,0.0,0.0,0.0,0.0,0.0,0.0,0.0,0.0,0.0,0.0,0.0,0.0,0.0,0.0,0.0,0.0,0.0,0.0,0.0,0.0,0.0,0.0,0.0,0.0,0.0,0.0,0.0,0.0,0.0,0.0,0.0
2/24/20,0.0,0.0,0.0,0.0,0.0,0.0,0.0,0.0,0.0,0.0,0.0,0.0,0.0,0.0,0.0,0.0,0.0,0.0,0.0,0.0,0.0,0.0,0.0,0.0,0.0,0.0,0.0,0.0,0.0,0.0,0.0,0.0,0.0,0.0,0.0,0.0,0.0,0.0,0.0,0.0,0.0,0.0,0.0,0.0,0.0,0.0,0.0,0.0,0.0,0.0,0.0,0.0,0.0,0.0,0.0,0.0
2/25/20,0.0,0.0,0.0,0.0,0.0,0.0,0.0,0.0,0.0,0.0,0.0,0.0,0.0,0.0,0.0,0.0,0.0,0.0,0.0,0.0,0.0,0.0,0.0,0.0,0.0,0.0,0.0,0.0,0.0,0.0,0.0,0.0,0.0,0.0,0.0,0.0,0.0,0.0,0.0,0.0,0.0,0.0,0.0,0.0,0.0,0.0,0.0,0.0,0.0,0.0,0.0,0.0,0.0,0.0,0.0,0.0
2/26/20,0.0,0.0,0.0,0.0,0.0,0.0,0.0,0.0,0.0,0.0,0.0,0.0,0.0,0.0,0.0,0.0,0.0,0.0,0.0,0.0,0.0,0.0,0.0,0.0,0.0,0.0,0.0,0.0,0.0,0.0,0.0,0.0,0.0,0.0,0.0,0.0,0.0,0.0,0.0,0.0,0.0,0.0,0.0,0.0,0.0,0.0,0.0,0.0,0.0,0.0,0.0,0.0,0.0,0.0,0.0,0.0
2/27/20,0.0,0.0,0.0,0.0,0.0,0.0,0.0,0.0,0.0,0.0,0.0,0.0,0.0,0.0,0.0,0.0,0.0,0.0,0.0,0.0,0.0,0.0,0.0,0.0,0.0,0.0,0.0,0.0,0.0,0.0,0.0,0.0,0.0,0.0,0.0,0.0,0.0,0.0,0.0,0.0,0.0,0.0,0.0,0.0,0.0,0.0,0.0,0.0,0.0,0.0,0.0,0.0,0.0,0.0,0.0,0.0
2/28/20,0.0,0.0,0.0,0.0,0.0,0.0,0.0,0.0,0.0,0.0,0.0,0.0,0.0,0.0,0.0,0.0,0.0,0.0,0.0,0.0,0.0,0.0,0.0,0.0,0.0,0.0,0.0,0.0,0.0,0.0,0.0,0.0,0.0,0.0,0.0,0.0,0.0,0.0,0.0,0.0,0.0,0.0,0.0,0.0,0.0,0.0,0.0,0.0,0.0,0.0,0.0,0.0,0.0,0.0,0.0,0.0
2/29/20,0.0,0.0,0.0,0.0,0.0,0.0,0.0,0.0,0.0,0.0,0.0,0.0,0.0,0.0,0.0,0.0,0.0,0.0,0.0,0.0,0.0,0.0,0.0,0.0,0.0,0.0,0.0,0.0,0.0,0.0,0.0,0.0,0.0,0.0,0.0,0.0,0.0,0.0,0.0,0.0,0.0,0.0,0.0,0.0,0.0,0.0,0.0,0.0,0.0,0.0,0.0,0.0,0.013132160885254724,0.0,0.0,0.0
3/1/20,0.0,0.0,0.0,0.0,0.0,0.0,0.0,0.0,0.0,0.0,0.0,0.0,0.0,0.0,0.0,0.0,0.0,0.0,0.0,0.0,0.0,0.0,0.0,0.0,0.0,0.0,0.0,0.0,0.0,0.0,0.0,0.0,0.0,0.0,0.0,0.0,0.0,0.0,0.0,0.0,0.0,0.0,0.0,0.0,0.0,0.0,0.0,0.0,0.0,0.0,0.0,0.0,0.013132160885254724,0.0,0.0,0.0
3/2/20,0.0,0.0,0.0,0.0,0.0,0.0,0.0,0.0,0.0,0.0,0.0,0.0,0.0,0.0,0.0,0.0,0.0,0.0,0.0,0.0,0.0,0.0,0.0,0.0,0.0,0.0,0.0,0.0,0.0,0.0,0.0,0.0,0.0,0.0,0.0,0.0,0.0,0.0,0.0,0.0,0.0,0.0,0.0,0.0,0.0,0.0,0.0,0.0,0.0,0.0,0.0,0.0,0.07879296531152834,0.0,0.0,0.0
3/3/20,0.0,0.0,0.0,0.0,0.0,0.0,0.0,0.0,0.0,0.0,0.0,0.0,0.0,0.0,0.0,0.0,0.0,0.0,0.0,0.0,0.0,0.0,0.0,0.0,0.0,0.0,0.0,0.0,0.0,0.0,0.0,0.0,0.0,0.0,0.0,0.0,0.0,0.0,0.0,0.0,0.0,0.0,0.0,0.0,0.0,0.0,0.0,0.0,0.0,0.0,0.0,0.0,0.09192512619678307,0.0,0.0,0.0
3/4/20,0.0,0.0,0.0,0.0,0.0,0.0025308624118668293,0.0,0.0,0.0,0.0,0.0,0.0,0.0,0.0,0.0,0.0,0.0,0.0,0.0,0.0,0.0,0.0,0.0,0.0,0.0,0.0,0.0,0.0,0.0,0.0,0.0,0.0,0.0,0.0,0.0,0.0,0.0,0.0,0.0,0.0,0.0,0.0,0.0,0.0,0.0,0.0,0.0,0.0,0.0,0.0,0.0,0.0,0.13132160885254723,0.0,0.0,0.0
3/5/20,0.0,0.0,0.0,0.0,0.0,0.0025308624118668293,0.0,0.0,0.0,0.0,0.0,0.0,0.0,0.0,0.0,0.0,0.0,0.0,0.0,0.0,0.0,0.0,0.0,0.0,0.0,0.0,0.0,0.0,0.0,0.0,0.0,0.0,0.0,0.0,0.0,0.0,0.0,0.0,0.0,0.0,0.0,0.0,0.0,0.0,0.0,0.0,0.0,0.0,0.0,0.0,0.0,0.0,0.14445376973780194,0.0,0.0,0.0
3/6/20,0.0,0.0,0.0,0.0,0.0,0.0025308624118668293,0.0,0.0,0.0,0.0,0.0,0.0,0.0,0.0,0.0,0.0,0.0,0.0,0.0,0.0,0.0,0.0,0.0,0.0,0.0,0.0,0.0,0.0,0.0,0.0,0.0,0.0,0.0,0.0,0.0,0.0,0.0,0.0,0.0,0.0,0.0,0.0,0.0,0.0,0.0,0.0,0.0,0.0,0.0,0.0,0.0,0.0,0.1707180915083114,0.0,0.0,0.0
3/7/20,0.0,0.0,0.0,0.0,0.0,0.0025308624118668293,0.0,0.0,0.0,0.0,0.0,0.0,0.0,0.0,0.0,0.0,0.0,0.0,0.0,0.0,0.0,0.0,0.0,0.0,0.0,0.0,0.0,0.0,0.0,0.0,0.0,0.0,0.0,0.0,0.0,0.0,0.0,0.0,0.0,0.0,0.0,0.0,0.0,0.0,0.0,0.0,0.0,0.0,0.0,0.0,0.0,0.0,0.21011457416407558,0.0,0.0,0.0
3/8/20,0.0,0.0,0.0,0.0,0.0,0.0025308624118668293,0.0,0.0,0.0,0.0,0.009311968015997216,0.0,0.0,0.0,0.0,0.0,0.0,0.0,0.0,0.0,0.0,0.0,0.0,0.0,0.0,0.0,0.0,0.0,0.0,0.0,0.0,0.0,0.0,0.0,0.0,0.0,0.0,0.0,0.0,0.0,0.0,0.0,0.0,0.0,0.0,0.0,0.0,0.0,0.0,0.0,0.0,0.0,0.23637889593458503,0.0,0.0,0.0
3/9/20,0.0,0.0,0.0,0.0,0.0,0.0025308624118668293,0.0,0.0,0.0,0.0,0.009311968015997216,0.0,0.0,0.0,0.0,0.0,0.0,0.0,0.0,0.0,0.0,0.0,0.0,0.0,0.0,0.0,0.0,0.0,0.0,0.0,0.0,0.0,0.0,0.0,0.0,0.0,0.0,0.0,0.0,0.0,0.0,0.0,0.0,0.0,0.0,0.0,0.0,0.0,0.0,0.0,0.0,0.0,0.24951105681983973,0.0,0.0,0.0
3/10/20,0.0,0.0,0.0,0.0,0.0,0.005061724823733659,0.0,0.0,0.0,0.0,0.009311968015997216,0.0,0.0,0.0,0.0,0.0,0.0,0.0,0.0,0.0,0.0,0.0,0.0,0.0,0.0,0.0,0.0,0.0,0.0,0.0,0.0,0.0,0.011258484675513583,0.0,0.0,0.0,0.0,0.0,0.0,0.0,0.0,0.0,0.0,0.0,0.0,0.0,0.0,0.0,0.0,0.0,0.0,0.0,0.30203970036085864,0.0,0.0,0.0
3/11/20,0.0,0.0,0.0,0.0,0.0,0.010123449647467317,0.0,0.0,0.0,0.0,0.009311968015997216,0.0,0.0,0.0,0.0,0.0,0.0,0.0,0.0,0.0,0.0,0.0,0.0,0.0,0.0,0.0,0.0,0.0,0.0,0.0,0.0,0.0,0.011258484675513583,0.0,0.0,0.0,0.0,0.0,0.0,0.0,0.0,0.0,0.0,0.0,0.0,0.11303790500068388,0.0,0.0,0.0,0.0,0.0,0.0,0.31517186124611335,0.0,0.0,0.0
3/12/20,0.0,0.0,0.0,0.0,0.0,0.010123449647467317,0.0,0.0,0.0,0.0,0.009311968015997216,0.009418481301912902,0.0,0.0,0.0,0.0,0.0,0.0,0.0,0.0,0.0,0.0,0.0,0.0,0.0,0.0,0.0,0.0,0.0,0.0,0.0,0.0,0.011258484675513583,0.0,0.0,0.0,0.0,0.0,0.0,0.0,0.0,0.0,0.0,0.0,0.0,0.11303790500068388,0.0,0.0,0.0,0.0,0.0,0.0,0.4070969874428964,0.0,0.0,0.0
3/13/20,0.0,0.0,0.0,0.0,0.0,0.010123449647467317,0.01736492174671664,0.0,0.0,0.0,0.009311968015997216,0.009418481301912902,0.0,0.0,0.0,0.0,0.0,0.0,0.034325170578935194,0.0,0.0,0.0,0.0,0.0,0.0,0.0,0.0,0.0,0.0,0.0,0.0,0.0,0.011258484675513583,0.0,0.0,0.0,0.0,0.0,0.0,0.0,0.0,0.0,0.0,0.0,0.0,0.11303790500068388,0.0,0.0,0.0,0.0,0.0,0.0,0.4858899527544248,0.0,0.0,0.0
3/14/20,0.0,0.0,0.0,0.0,0.0,0.0075925872356004875,0.0,0.0,0.0,0.0,0.009311968015997216,0.009418481301912902,0.0,0.0,0.0,0.0,0.0,0.0,0.034325170578935194,0.0,0.021510955314432086,0.0,0.0,0.0,0.0,0.0,0.0,0.0,0.0,0.0,0.0,0.0,0.011258484675513583,0.0,0.008464510318555498,0.0,0.0,0.0,0.0,0.0,0.0,0.0,0.0,0.0,0.0,0.11303790500068388,0.0,0.0,0.0,0.0,0.0,0.011715749212203733,0.5121542745249342,0.0,0.0,0.0
3/15/20,0.0,0.0,0.0,0.0,0.0,0.012654312059334146,0.01736492174671664,0.0,0.0,0.0,0.013967952023995823,0.009418481301912902,0.0,0.0,0.0,0.0,0.0,0.0,0.034325170578935194,0.0,0.04302191062886417,0.0,0.0,0.0,0.0,0.0,0.0,0.0,0.0,0.0,0.0,0.0,0.022516969351027167,0.0,0.008464510318555498,0.0,0.0,0.0,0.0,0.0,0.023709396768930826,0.0,0.0,0.0,0.0,0.11303790500068388,0.0,0.0,0.0,0.0,0.0,0.011715749212203733,0.5252864354101889,0.0,0.0,0.0
3/16/20,0.0,0.0,0.0,0.0,0.0,0.017716036883067804,0.01736492174671664,0.0,0.0,0.0,0.013967952023995823,0.009418481301912902,0.0,0.0,0.0,0.0,0.014853943402613612,0.0,0.034325170578935194,0.0223830168412057,0.06453286594329627,0.0,0.0,0.0,0.0,0.0,0.0,0.0,0.0,0.0,0.032465888091382386,0.0,0.022516969351027167,0.0,0.04232255159277749,0.0,0.0,0.0,0.0,0.0,0.023709396768930826,0.0,0.0,0.0,0.01942232565258043,0.11303790500068388,0.0,0.0,0.0,0.0,0.0,0.023431498424407466,0.6303437224922267,0.0,0.0,0.0
3/17/20,0.0,0.0,0.0,0.0,0.0,0.03037034894240195,0.03472984349343328,0.0,0.0,0.0,0.02327992003999304,0.009418481301912902,0.0,0.0,0.0,0.007891525614195465,0.029707886805227224,0.0,0.034325170578935194,0.0223830168412057,0.08604382125772835,0.0,0.0,0.0,0.0,0.0,0.0,0.0,0.0,0.0,0.032465888091382386,0.0,0.03377545402654075,0.0,0.05501931707061074,0.0,0.0,0.0,0.0,0.0,0.023709396768930826,0.0,0.0,0.0,0.01942232565258043,0.11303790500068388,0.0,0.0034487657057221334,0.0,0.0,0.0,0.023431498424407466,0.7222688486890098,0.0,0.0,0.0
3/18/20,0.0,0.0,0.0,0.0,0.0,0.04049379858986927,0.03472984349343328,0.028048232863160806,0.0,0.0,0.032591888055990254,0.028255443905738708,0.0,0.0,0.0,0.007891525614195465,0.029707886805227224,0.0,0.034325170578935194,0.0223830168412057,0.12906573188659254,0.0,0.0,0.0,0.010013160296577792,0.0,0.0,0.015091216595026147,0.0,0.0,0.032465888091382386,0.0,0.056292423377567916,0.0,0.07194833770772173,0.0,0.0,0.0,0.0,0.0,0.07112819030679247,0.007811286199355429,0.0,0.0,0.01942232565258043,0.11303790500068388,0.0,0.0103462971171664,0.0,0.0,0.0,0.023431498424407466,0.8798547793120665,0.0,0.0,0.0
3/19/20,0.0,0.0,0.0,0.0,0.0,0.04555552341360292,0.06945968698686655,0.08414469858948243,0.0,0.0,0.04190385607198747,0.028255443905738708,0.0,0.0,0.0,0.03156610245678186,0.029707886805227224,0.0,0.034325170578935194,0.0447660336824114,0.21510955314432087,0.0,0.016540736525916026,0.0,0.010013160296577792,0.0,0.03360046825612562,0.015091216595026147,0.0,0.0,0.032465888091382386,0.0,0.056292423377567916,0.0,0.14389667541544346,0.0,0.0,0.0,0.0,0.02527185566939965,0.07112819030679247,0.007811286199355429,0.0,0.0,0.01942232565258043,0.11303790500068388,0.0,0.017243828528610665,0.0,0.16025923533908448,0.0,0.023431498424407466,0.9586477446235948,0.0,0.06869979118698469,0.0
3/20/20,0.0,0.0,0.0,0.0,0.0,0.0607406978848039,0.06945968698686655,0.11219293145264322,0.0,0.14169343491807992,0.04190385607198747,0.09418481301912904,0.0,0.0,0.0,0.03156610245678186,0.04456183020784083,0.0,0.034325170578935194,0.0447660336824114,0.3011533744020492,0.0,0.03308147305183205,0.014508517442792551,0.010013160296577792,0.0,0.03360046825612562,0.04527364978507844,0.0,0.0,0.06493177618276477,0.0,0.056292423377567916,0.0,0.17775471668966544,0.0,0.0,0.0,0.025664935709336045,0.02527185566939965,0.07112819030679247,0.007811286199355429,0.0,0.0,0.058266976957741294,0.11303790500068388,0.014643059321669061,0.013795062822888534,0.0,0.32051847067816897,0.0,0.023431498424407466,1.089969353476142,0.0,0.051524843390238516,0.0
3/21/20,0.0,0.0,0.0,0.013738684990775159,0.0,0.06327156029667073,0.10418953048029984,0.11219293145264322,0.0,0.0,0.0605277921039819,0.13185873822678063,0.0,0.0,0.0,0.03945762807097733,0.05941577361045445,0.0,0.06865034115787039,0.0671490505236171,0.43021910628864174,0.0,0.03308147305183205,0.014508517442792551,0.030039480889733378,0.017731653412846795,0.03360046825612562,0.04527364978507844,0.0,0.0,0.06493177618276477,0.0,0.18013575480821734,0.0,0.25393530955666493,0.0,0.0,0.0,0.025664935709336045,0.02527185566939965,0.0948375870757233,0.015622572398710857,0.03409004134440214,0.0,0.058266976957741294,0.11303790500068388,0.014643059321669061,0.017243828528610665,0.0,0.32051847067816897,0.0,0.0351472476366112,1.2344231232139442,0.0,0.06869979118698469,0.0
3/22/20,0.0,0.0,0.0,0.027477369981550318,0.0,0.07592587235600487,0.10418953048029984,0.22438586290528645,0.0,0.28338686983615985,0.0605277921039819,0.14127721952869354,0.6089058570654392,0.0,0.0,0.04734915368517279,0.08912366041568166,0.0,0.06865034115787039,0.0671490505236171,0.43021910628864174,0.0,0.04962220957774807,0.029017034885585102,0.09011844266920013,0.017731653412846795,0.03360046825612562,0.04527364978507844,0.0,0.0,0.06493177618276477,0.0,0.18013575480821734,0.0,0.3343481575829422,0.0,0.0,0.0,0.025664935709336045,0.0505437113387993,0.11854698384465413,0.031245144797421714,0.03409004134440214,0.0,0.058266976957741294,0.11303790500068388,0.029286118643338122,0.024141359940054934,0.03119192453550546,0.32051847067816897,0.0,0.0702944952732224,1.2738196058697082,0.0,0.06869979118698469,0.0
3/23/20,0.0,0.0,0.0,0.027477369981550318,0.0,0.09870363406280634,0.12155445222701647,0.28048232863160805,0.0,0.28338686983615985,0.07915172813597633,0.14127721952869354,0.6089058570654392,0.0,0.0,0.09469830737034558,0.10397760381829528,0.0,0.06865034115787039,0.0895320673648228,0.752883436005123,0.0,0.04962220957774807,0.029017034885585102,0.1501974044486669,0.017731653412846795,0.03360046825612562,0.06036486638010459,0.0,0.0,0.12986355236552954,0.0735450400857241,0.20265272415924449,0.0,0.5163351294318854,0.0,0.0,0.0,0.05132987141867209,0.0505437113387993,0.11854698384465413,0.04686771719613257,0.06818008268880428,0.0,0.09711162826290216,0.11303790500068388,0.029286118643338122,0.0310388913514992,0.03119192453550546,0.32051847067816897,0.0,0.0702944952732224,1.431405536492765,0.0,0.08587473898373085,0.0
3/24/20,0.0,0.0,0.0,0.04121605497232548,0.033136678193812455,0.12654312059334147,0.1389193739737331,0.3365787943579297,0.0,0.28338686983615985,0.07915172813597633,0.14127721952869354,0.6089058570654392,0.07062785336527595,0.0,0.09469830737034558,0.17824732083136333,0.0,0.06865034115787039,0.0895320673648228,0.967992989149444,0.0,0.0661629461036641,0.029017034885585102,0.24031584711786702,0.017731653412846795,0.03360046825612562,0.10563851616518302,0.0,0.0,0.12986355236552954,0.0735450400857241,0.20265272415924449,0.0,0.723715632236495,0.0,0.0,0.0,0.06843982855822946,0.07581556700819896,0.1896751741514466,0.06249028959484343,0.06818008268880428,0.0,0.09711162826290216,0.11303790500068388,0.029286118643338122,0.0413851884686656,0.03119192453550546,0.8012961766954225,0.0,0.10544174290983362,1.523330662689548,0.0,0.08587473898373085,0.0
3/25/20,0.020394906576031702,0.0,0.0,0.054954739963100636,0.033136678193812455,0.16450605677134392,0.2778387479474662,0.5329164244000553,0.0,0.28338686983615985,0.10708763218396798,0.15069570083060643,0.6089058570654392,0.0,0.0,0.14993898666971384,0.20795520763659056,0.03169501786014256,0.10297551173680557,0.1119150842060285,1.3767011401236535,0.0,0.0661629461036641,0.08705110465675532,0.4305658927528451,0.017731653412846795,0.10080140476837686,0.12072973276020918,0.0,0.0,0.19479532854829432,0.0735450400857241,0.20265272415924449,0.04769106112134085,1.0749928104565483,0.009534629966731769,0.0,0.0,0.0941047642675655,0.12635927834699823,0.23709396768930827,0.11716929299033142,0.06818008268880428,0.0,0.135956279568063,0.11303790500068388,0.04392917796500719,0.051731485585831995,0.03119192453550546,0.8012961766954225,0.0,0.10544174290983362,1.7465773977388785,0.0,0.12022463457722321,0.0
3/26/20,0.020394906576031702,0.0,0.0,0.054954739963100636,0.033136678193812455,0.20499985536121318,0.32993351318761616,0.5890128901263769,0.10269428732218483,0.4250803047542398,0.13502353623195962,0.15069570083060643,0.6089058570654392,0.0,0.16787302084703132,0.20517966596908213,0.2525170378444314,0.03169501786014256,0.10297551173680557,0.1119150842060285,1.7638983357834312,0.0,0.0661629461036641,0.23213627908468082,0.6108027780912453,0.03546330682569359,0.20160280953675372,0.1358209493552353,0.0,0.0,0.19479532854829432,0.0735450400857241,0.20265272415924449,0.04769106112134085,1.4389667541544344,0.028603889900195308,0.0,0.0,0.12832467854668025,0.17690298968579754,0.2608033644582391,0.14060315158839773,0.06818008268880428,0.0,0.17480093087322388,0.11303790500068388,0.04392917796500719,0.0724240798201648,0.03119192453550546,0.8012961766954225,0.0,0.11715749212203733,1.9698241327882087,0.0,0.1717494779674617,0.0
3/27/20,0.08157962630412681,0.0,0.0,0.15112553489852676,0.033136678193812455,0.23790106671548192,0.32993351318761616,0.7573022873053418,0.10269428732218483,0.4250803047542398,0.16295944027995127,0.20720658864208388,0.6089058570654392,0.0,0.16787302084703132,0.26831187088264585,0.3713485850653403,0.0950850535804277,0.13730068231574077,0.1566811178884399,2.5382927271029865,0.07439302729033813,0.0661629461036641,0.3772214535126064,0.921210747285157,0.03546330682569359,0.268803746049005,0.1358209493552353,0.0,0.0,0.32465888091382383,0.0735450400857241,0.2927206015633532,0.04769106112134085,1.8621922700822093,0.038138519866927074,0.1312229188701182,0.0,0.16254459282579498,0.2021748453551972,0.2845127612271699,0.17184829638581942,0.10227012403320643,0.0,0.2524902334835456,0.11303790500068388,0.04392917796500719,0.08966790834877547,0.03119192453550546,0.8012961766954225,0.0,0.11715749212203733,2.061749258984992,0.0,0.24044926915444642,0.0
3/28/20,0.08157962630412681,0.1366969906157516,0.0,0.15112553489852676,0.033136678193812455,0.2783948653053512,0.5209476524014992,0.9255916844843066,0.5134714366109242,0.5667737396723197,0.21417526436793596,0.6310382472281645,0.6089058570654392,0.0,0.2238306944627084,0.3709017038671869,0.46047224548102195,0.0950850535804277,0.13730068231574077,0.2014471515708513,2.9254899227627638,0.07439302729033813,0.0661629461036641,0.5077981104977394,1.111460792920135,0.08865826706423398,0.43680608732963305,0.15091216595026147,0.09356480017365627,0.10339080483538116,0.32465888091382383,0.1470900801714482,0.6079581724777335,0.04769106112134085,3.275765493280977,0.04767314983365884,0.1312229188701182,0.0,0.21387446424446707,0.37907783504099474,0.30822215799610075,0.26558373077808456,0.10227012403320643,0.0,0.29133488478870645,0.11303790500068388,0.04392917796500719,0.10346297117166399,0.03119192453550546,0.8012961766954225,0.0,0.15230473975864853,2.4688462464278884,0.0,0.2919741125446849,0.0
3/29/20,0.20394906576031702,0.1366969906157516,0.0,0.15112553489852676,0.033136678193812455,0.31129607665961995,0.7987864003489654,0.9536399173474673,0.616165723933109,0.7084671745903998,0.2514231364319248,0.7346415415492065,0.6089058570654392,0.0,0.2797883680783855,0.5208406905369007,0.4753261888836356,0.12678007144057024,0.24027619405254633,0.2014471515708513,3.2481542524792455,0.22317908187101437,0.14886662873324422,0.5658321802689096,1.3217371591482685,0.08865826706423398,0.4704065555857586,0.1961858157353399,0.09356480017365627,0.10339080483538116,0.4869883213707358,0.1470900801714482,1.1821408909289262,0.0953821222426817,3.825958663987085,0.06674240976712238,0.1312229188701182,0.0,0.2480943785235818,0.4043496907103944,0.30822215799610075,0.32026273417357254,0.10227012403320643,0.0,0.3107572104412869,0.11303790500068388,0.058572237286676244,0.12760433111171893,0.06238384907101092,0.8012961766954225,0.0,0.175736238183056,2.6001678552804353,0.0,0.3091490603414311,0.0
3/30/20,0.20394906576031702,0.1366969906157516,0.0,0.15112553489852676,0.16568339096906226,0.36950591213255707,0.7987864003489654,1.0097363830737889,0.616165723933109,1.2752409142627195,0.2747030564719179,0.8099893919645097,0.6089058570654392,0.0,0.33574604169406264,0.576081369836269,0.5198880190914764,0.1901701071608554,0.27460136463148155,0.2014471515708513,3.979526733169936,0.22317908187101437,0.23157031136282438,0.68190031981125,1.842421494570314,0.15958488071562116,0.4704065555857586,0.1961858157353399,0.46782400086828135,0.10339080483538116,0.4869883213707358,0.2206351202571723,1.2046578602799534,0.0953821222426817,4.41847438628597,0.057207779800390615,0.1312229188701182,0.0,0.3421991427911473,0.4043496907103944,0.3793503483028932,0.3905643099677715,0.20454024806641286,0.0,0.34960186174644775,0.11303790500068388,0.1464305932166906,0.155194456757496,0.12476769814202184,0.8012961766954225,0.0,0.175736238183056,2.6920929814772183,0.05579899416733114,0.3434989559349234,0.0
3/31/20,0.3059235986404755,0.1366969906157516,0.0,0.15112553489852676,0.16568339096906226,0.43783919725296144,1.1808146787767315,1.879231601831774,0.7188600112552939,1.2752409142627195,0.39575864067988165,1.0360329432104192,1.2178117141308784,0.0,0.4476613889254168,0.7812610358053511,0.7278432267280669,0.1901701071608554,0.30892653521041674,0.2014471515708513,5.05507449889154,0.37196513645169066,0.29773325746648843,1.1606813954234043,2.593408516813648,0.15958488071562116,0.6720093651225124,0.22636824892539217,0.46782400086828135,0.15508620725307176,0.844113090375942,0.2206351202571723,0.22516969351027166,0.1907642444853634,5.273389928460075,0.11441555960078123,0.39366875661035455,0.0,0.47052382133782755,0.5812526803961919,0.4267691418407549,0.492111030559392,0.2727203307552171,0.0,0.42729116435676945,0.11303790500068388,0.17571671186002877,0.18623334810899522,0.15595962267752728,0.8012961766954225,0.0,0.175736238183056,2.954736199182313,0.05579899416733114,0.4293736949186543,0.0
4/1/20,0.5506624775528559,0.1366969906157516,0.0,0.15112553489852676,0.19882006916287473,0.5011107575496322,1.1808146787767315,2.328003327642347,1.1296371605440332,1.2752409142627195,0.39575864067988165,1.2903319383620677,1.8267175711963175,0.0,0.5036190625410939,1.1127051116015607,0.9655063211698847,0.2535601428811405,0.3432517057893519,0.3357452526180855,5.87249080083996,0.37196513645169066,0.31427399399240447,1.6394624710355585,3.344395539056982,0.15958488071562116,0.7392103016347635,0.2716418987104706,0.5613888010419377,0.2067816096707623,1.006442530832854,0.2206351202571723,3.996762059807322,0.23845530560670422,6.8181630615964535,0.13348481953424476,0.39366875661035455,1.813433918468011,0.5560736070356144,0.7328838144125899,0.45047853860968573,0.5780351787523017,0.3749904547884236,0.0,0.5049804669670912,0.22607581000136776,0.19035977118169783,0.22761853657766082,0.15595962267752728,0.8012961766954225,0.0,0.175736238183056,3.0729256471496056,0.05579899416733114,0.4637235905121467,0.0
4/2/20,0.5506624775528559,0.1366969906157516,0.0,0.3984218647324797,0.19882006916287473,0.6023452540243054,1.302369131003748,3.113353847810849,1.232331447866218,1.7003212190169592,0.6704616971517995,1.5257939709098902,1.8267175711963175,0.07062785336527595,0.5036190625410939,1.2863186751138609,1.1586075854038618,0.3169501786014256,0.41190204694722227,0.3805112863004969,6.646885192159514,0.5207511910323669,0.5954665149329769,2.10373502920492,4.165474683376361,0.17731653412846796,0.8736121746592661,0.3320067650905752,0.5613888010419377,0.2067816096707623,1.2337037474725305,0.0735450400857241,6.000772332048741,0.28614636672804505,8.731142393589995,0.20022722930136716,0.39366875661035455,1.813433918468011,0.6929532641520733,0.859243092759588,0.4978973321475474,0.7030157579419886,0.4090804961328257,0.0,0.6020920952299934,0.22607581000136776,0.5125070762584172,0.26555495934060425,0.2183434717485382,0.8012961766954225,0.0,0.175736238183056,3.5588155999040305,0.05579899416733114,0.5667732772926236,0.0
4/3/20,0.7750064498892048,0.1366969906157516,0.0,0.3984218647324797,0.19882006916287473,0.6656168143209761,1.6670324876847975,3.646270272210905,1.232331447866218,2.125401523771199,0.7589253933037731,1.6953266343443227,2.435623428261757,0.21188356009582787,0.5036190625410939,1.6493288533668524,1.5151022270665884,0.3169501786014256,0.6178530704208335,0.6938735220773767,7.873009645082144,0.5207511910323669,0.7112516706143891,2.6550586920310373,4.776277461467607,0.19504818754131473,0.974413579427643,0.37728041487565367,0.46782400086828135,0.25847701208845286,1.3960331879294425,0.2206351202571723,7.2279471616797215,0.47691061121340844,11.16892136533398,0.25743500910175776,0.39366875661035455,1.813433918468011,0.7785030498498601,0.9603305154371867,0.5216067289164782,0.7967511923342536,0.5113506201660322,0.28318958315437326,0.6603590721877347,0.22607581000136776,0.5857223728667624,0.3448765705722134,0.2183434717485382,0.8012961766954225,0.0,0.175736238183056,3.821458817609124,0.11159798833466228,0.80722254644707,0.0
4/4/20,0.8973758893453948,0.1366969906157516,0.0,0.686934249538758,0.19882006916287473,0.7314192370295136,1.9101413921388304,4.599910189558372,1.232331447866218,2.9755621332796784,0.9032608975517299,1.855440816476842,2.435623428261757,0.21188356009582787,0.559576736156771,1.9176407242494984,1.723057434703179,0.3486451964615682,0.6178530704208335,0.7610225726009938,8.797980723602723,0.5207511910323669,0.8931997723994655,3.0032631106580587,5.387080239558852,0.33690141484408914,1.1760163889643966,0.4980101476358629,0.5613888010419377,0.25847701208845286,1.4934308522035895,0.2206351202571723,9.367059250027303,0.47691061121340844,13.191939331468744,0.3241774188688802,0.39366875661035455,1.813433918468011,0.8726078141174257,1.0614179381147852,0.5216067289164782,1.0623349231123382,0.6136207441992385,0.28318958315437326,0.7768930261032173,0.22607581000136776,0.717509906761784,0.4000568218637675,0.24953539628404367,0.8012961766954225,0.0,0.18745198739525973,4.136630678855238,0.11159798833466228,0.8587473898373086,0.0
4/5/20,0.9177707959214266,0.1366969906157516,0.0,0.7418889895018587,0.19882006916287473,0.8807401193296565,2.4137241227936133,5.273067778274232,1.232331447866218,3.1172555681977583,1.0289724657676924,1.9402071481940582,2.435623428261757,0.2825114134611038,0.559576736156771,2.1622780182895576,1.8864508121319286,0.5705103214825661,0.6178530704208335,1.0072357578542566,10.174681863726377,0.5207511910323669,1.1082293472363738,3.2208908722999463,6.158093582395342,0.4610229887340167,1.4448201350134016,0.6640135301811504,0.5613888010419377,0.3618678169238341,1.4934308522035895,0.2206351202571723,10.17767014666428,0.5722927334560901,15.621253792894171,0.3623159387358072,0.39366875661035455,1.813433918468011,1.0180424498036633,1.1625053607923839,0.6401537127611323,1.1795042161026696,0.6818008268880429,0.28318958315437326,0.8545823287135389,0.22607581000136776,0.7614390847267913,0.4690321359782102,0.24953539628404367,0.8012961766954225,0.9322444717902822,0.18745198739525973,4.412406057445587,0.16739698250199342,1.2709461369592168,0.0
4/6/20,0.9993504222255534,0.1366969906157516,0.0,0.7556276744926338,0.19882006916287473,0.961727716509395,2.5873733402607795,5.777935969811126,1.5404143098327727,3.4006424380339184,1.0941562418796729,2.10973981162849,2.435623428261757,0.35313926682637975,0.559576736156771,2.4148068379438126,1.9458665857423831,0.7923754465035642,0.6865034115787038,1.0072357578542566,10.949076255045933,0.5207511910323669,1.5052070238583584,3.6271293606981385,7.2595412150189,0.5319496023854039,1.7136238810624063,0.6941959633712027,0.5613888010419377,0.4652586217592152,1.4934308522035895,0.2206351202571723,11.134641344082935,0.5722927334560901,18.575367894070038,0.4290583485029297,0.39366875661035455,1.813433918468011,1.2148069569085729,1.288864639139382,0.6401537127611323,1.3982202296846218,0.715890868232445,0.28318958315437326,0.9322716313238607,0.4521516200027355,0.9371557965868199,0.5173148558583199,0.40549501896157086,0.8012961766954225,0.9322444717902822,0.18745198739525973,5.00335329728205,0.22319597666932456,1.3396459281462014,0.0
4/7/20,1.305274020866029,0.683484953078758,0.0,0.8105824144557345,0.19882006916287473,1.0933325619264702,2.5873733402607795,7.68521580450606,1.6431085971549573,3.1172555681977583,1.1826199380316464,3.0327509792159546,2.435623428261757,0.35313926682637975,0.7274497570038023,2.9908882077800816,2.569732208652155,0.7606804286434216,0.9954299467891207,1.342981010472342,12.476354082370612,0.8927163274840575,1.7036958621693508,5.005438517763431,8.421067809421924,0.602876216036791,2.016028095367537,0.9658378620816734,0.5613888010419377,0.4652586217592152,1.947953285482943,0.2206351202571723,13.814160696855167,0.6199837945774309,22.739906970799343,0.4862661283033202,0.5248916754804728,3.626867836936022,1.42868142115304,1.6932143298497766,0.687572506298994,1.9293876912407908,0.7840709509212493,0.28318958315437326,0.9905386082816019,0.6782274300041032,1.0396572118385035,0.5518025129155413,0.40549501896157086,0.8012961766954225,0.9322444717902822,0.18745198739525973,5.25286435410189,0.22319597666932456,1.5800951973006478,0.0
4/8/20,1.3460638340180924,0.683484953078758,0.0,0.9342305793727108,0.19882006916287473,1.2477151690503467,3.3167000536228786,7.68521580450606,1.6431085971549573,3.8257227427881584,1.43869905847157,3.352979343480994,2.435623428261757,0.35313926682637975,0.8393651042351566,3.6379933081441096,3.015350510730563,0.8240704643637067,1.1670557996837965,1.342981010472342,13.982120954380857,1.0415023820647338,2.0510513292135872,6.0935773259728725,9.562568083231792,0.691534483101025,2.251231373160416,1.2525709773871703,0.5613888010419377,0.5686494265945964,2.337543942579532,0.2206351202571723,16.887727013270375,0.6199837945774309,25.88447255414271,0.6292855778042967,0.5248916754804728,3.626867836936022,1.6511108639672858,1.9964765978825725,0.7824100933747173,2.4839890113950265,0.8181609922656514,0.28318958315437326,0.9905386082816019,0.6782274300041032,1.1714447457335249,0.6518167183814831,0.40549501896157086,0.8012961766954225,0.9322444717902822,0.2811779810928896,5.594300537118512,0.22319597666932456,1.7174947796746172,0.0
4/9/20,1.4276434603222192,0.683484953078758,0.0,0.9754466343450364,0.6958702420700615,1.3717274272318214,3.3167000536228786,10.602232022274785,1.6431085971549573,4.534189917378558,1.6482183388315073,3.494256563009687,2.435623428261757,0.35313926682637975,1.0072381250821878,4.15883399868101,3.639216133640334,0.8240704643637067,1.1670557996837965,1.5220451452019876,15.05766872010246,1.19028843664541,2.2826216405764117,6.0935773259728725,10.714081517338238,0.8865826706423398,2.5536355874655468,1.3883919267424054,0.5613888010419377,0.620344829012287,2.5972710473105907,0.2206351202571723,19.19571637175066,0.7630569779414536,29.600392583988576,0.7246318774716144,0.6561145943505909,3.626867836936022,1.8222104353628596,2.0217484535519716,1.0195040610640256,2.6948937387776226,1.1249713643652708,0.28318958315437326,1.301295818722889,0.6782274300041032,1.3618045169152229,0.7242407982016481,0.40549501896157086,3.685962412798944,0.9322444717902822,0.36318822557831576,5.988265363676153,0.22319597666932456,1.9064192054388251,0.0
4/10/20,1.6315925260825361,0.683484953078758,0.0,0.9754466343450364,0.6958702420700615,1.4754927861183613,3.3167000536228786,12.453415391243396,1.6431085971549573,5.3843505268870375,1.8158337631194572,3.8709958150862027,2.435623428261757,0.35313926682637975,1.3429841667762505,4.703349266060497,4.456183020784083,0.8874605000839918,1.1670557996837965,1.5444281620431934,16.19774935176736,1.2646814639357482,2.8284659459316406,6.0935773259728725,12.746753057543529,1.0107042445322674,2.7552383970023007,1.4940304429075886,0.5613888010419377,0.6720402314299776,2.792066375858885,0.2206351202571723,21.728875423741215,0.8107480390627942,33.295151338038046,0.7913742872387369,0.7873375132207091,3.626867836936022,1.8222104353628596,2.2239232989071693,1.0195040610640256,3.2651176313305688,1.3295116124316835,0.28318958315437326,1.398407446985791,0.6782274300041032,1.420376754201899,0.8208062379618677,0.40549501896157086,3.685962412798944,0.9322444717902822,0.44519847006374186,6.342833707578032,0.22319597666932456,2.19839331798351,0.0
4/11/20,1.8763314049949165,0.683484953078758,0.0,1.0853561142712378,0.8284169548453113,1.5286408967675649,4.306500593185727,13.715585870085635,3.3889114816320993,6.6595914411497565,2.0393209955033904,4.002854553312984,3.0445292853271955,0.5650228269222076,1.3989418403919276,5.34256284081033,4.901801322862492,0.8874605000839918,1.5103075054731483,1.5444281620431934,17.273297117488966,1.4134675185164245,3.4073917243387015,9.764232238999387,13.778108568091044,1.1170941650093482,3.1248435478196828,1.750581125023033,0.5613888010419377,0.7754310362653587,2.792066375858885,0.2206351202571723,24.554755077295127,0.906130161305476,36.49473623845203,0.8485820670391274,0.9185604320908273,3.626867836936022,2.1130797067353346,2.375554432923567,1.1380510449086796,3.9290769582757803,1.43178173646489,0.28318958315437326,1.5537860522064346,0.6782274300041032,1.5375212287752515,0.9173716777220875,0.40549501896157086,4.006480883477113,0.9322444717902822,0.4569142192759456,6.500419638201089,0.22319597666932456,2.3529678481542255,0.0
4/12/20,1.8967263115709483,0.683484953078758,0.0,1.2776977041420898,0.8946903112329363,1.6197519435947707,5.018462384801109,15.426528074738444,3.3889114816320993,7.0846717459039965,2.1464086276873586,4.040528478520636,3.0445292853271955,0.6356506802874836,1.5108571876232817,5.67400691660654,5.094902587096469,1.1093256251049897,1.7849088701046298,1.5444281620431934,18.004669598179657,1.4134675185164245,3.903613820116182,10.79433697743766,14.679292994783044,1.2412157388992757,3.2256449525880595,1.765672341618059,0.5613888010419377,0.7754310362653587,3.6361794662348275,0.2206351202571723,26.434922018105897,1.2399675891548618,39.55042446345056,0.8485820670391274,0.9185604320908273,3.626867836936022,2.1644095781540065,2.4260981442623666,1.232888631984403,4.350886413040974,1.4999618191536943,0.28318958315437326,1.5926307035115952,0.6782274300041032,1.5375212287752515,0.9760006947193637,0.40549501896157086,4.326999354155282,0.9322444717902822,0.9255441877640951,6.644873407938891,0.22319597666932456,2.4731924827314486,0.0
4/13/20,2.0190957510271383,0.683484953078758,0.0,1.4288232390406166,0.9609636676205612,1.807035762072916,5.313666054495291,16.772843252170162,4.210465780209578,7.368058615740157,2.3233360199913053,4.370175324087587,3.0445292853271955,0.6356506802874836,1.5108571876232817,6.289545914513786,5.198880190914764,1.2044106786854174,1.956534722999306,1.9025564315024845,19.015684497957967,1.4134675185164245,4.333672969789999,10.79433697743766,15.991016993634734,1.2412157388992757,3.2928458891003105,1.856219641188216,0.6549536012155939,0.7754310362653587,3.7011112424175923,0.2206351202571723,27.481961092928657,1.2399675891548618,42.5680223920156,0.8962552168727863,1.0497833509609455,3.626867836936022,2.344064128119359,2.501913711270565,1.2565980287533338,4.600847571420347,1.5340518604980962,0.28318958315437326,1.5926307035115952,0.6782274300041032,1.5814504067402588,1.0518735402452506,0.40549501896157086,4.487258589494366,0.9322444717902822,0.9255441877640951,6.736798534135673,0.33479396500398684,2.6449419606989104,0.1727834901919452
4/14/20,2.325019349667614,0.683484953078758,0.0,1.470039294012942,1.0603737022019986,1.9411714699018578,5.678329411176342,18.708171319728258,4.415854354853948,9.493460139511356,2.4397356201912705,4.878773314390884,3.0445292853271955,0.6356506802874836,1.8466032293173444,6.841952707507469,5.748476096811467,1.3628857679861304,2.299786428788658,2.3725997851678042,21.790597733519704,1.4878605458067626,4.99530243082664,10.79433697743766,17.64318844257007,1.4008006196148968,3.7296519764299436,2.2485912726588957,0.6549536012155939,0.7754310362653587,3.895906570965886,0.0735450400857241,31.55753254546458,1.478422894761566,45.88611043688935,1.0678785562739581,1.0497833509609455,3.626867836936022,2.771813056608293,2.729360412295162,1.3040168222911954,5.397598763754601,1.5340518604980962,0.28318958315437326,1.8839655883003017,0.6782274300041032,1.8010962965652946,1.1794778713569698,0.40549501896157086,4.647517824833451,0.9322444717902822,0.9255441877640951,6.960045269185004,0.33479396500398684,2.9197411254468495,0.1727834901919452
4/15/20,2.406598975971741,0.683484953078758,0.0,1.5799487739391431,1.093510380395811,2.176541674205473,5.6956943329230585,24.289769659497257,4.415854354853948,10.201927314101756,2.7749664687671705,5.1330723095425315,3.0445292853271955,0.6356506802874836,2.182349271011407,7.481166282257302,6.476319323539534,1.6798359465875556,2.4370871111043986,2.3725997851678042,23.70507275650416,1.785432654968115,5.144169059559884,15.872318082415054,19.165188807649894,1.5426538469176712,4.099257127247325,2.3089561390390005,0.6549536012155939,0.7754310362653587,4.253031339971092,0.2206351202571723,35.509260666569844,1.7168782003682703,49.166108185329605,1.23950189567513,1.1810062698310637,3.626867836936022,3.0969022422598833,3.1084382473361574,1.375145012597988,6.084991949297879,1.7385921085645093,0.28318958315437326,2.0587665191735254,0.6782274300041032,1.8010962965652946,1.2932871396458,0.40549501896157086,4.647517824833451,0.9322444717902822,1.101280425947151,7.248952808660608,0.33479396500398684,3.1430154468045495,0.1727834901919452
4/16/20,2.7125225746122164,0.683484953078758,0.0,1.6761195688745696,1.2260570931710608,2.419504465744689,6.1471822983376905,27.17873764440282,5.340102940753612,11.477168228364475,3.1101973173430704,5.5286485242228744,3.0445292853271955,0.6356506802874836,2.294264618242761,8.451823932803343,7.070477059644079,1.9017010716085538,2.746013646314815,2.8874091725155355,24.84515338816906,2.0086117368391294,5.276494951767212,15.872318082415054,19.91617582989323,1.5426538469176712,4.334460405040205,2.5504156045594186,0.6549536012155939,0.7754310362653587,4.253031339971092,0.2206351202571723,39.57357363443025,1.7168782003682703,62.772808522407566,1.4301944950097654,1.1810062698310637,3.626867836936022,3.344996620783465,3.310613092691354,1.5174013932115729,6.569291693657915,1.9090423152865201,0.28318958315437326,2.155878147436428,0.7912653350047871,1.9768130084253235,1.4277890021689632,0.40549501896157086,5.2885547661897885,0.9322444717902822,1.5347631467986893,7.603521152562486,0.33479396500398684,3.3834647159589957,0.1727834901919452
4/17/20,3.0184461732526917,0.683484953078758,0.0,1.7448129938284453,1.2260570931710608,2.624504321105902,6.442385968031874,29.001872780508272,6.264351526653276,12.185635402954876,3.3755884057989913,6.056083477129997,3.0445292853271955,0.6356506802874836,2.294264618242761,8.925315469655072,7.753758456164304,2.028481143049124,2.8146639874726858,3.0440902904039753,26.071277841091693,2.1573977914198057,5.524605999655953,17.83096793719205,22.239229018699277,1.9682135288259943,4.704065555857587,2.776783853484811,0.7485184013892502,0.7754310362653587,4.577690220884916,0.2206351202571723,43.19880569994562,2.098406689338997,70.07344867216169,1.6876295041115232,1.1810062698310637,3.626867836936022,3.575981042167489,3.310613092691354,1.659657773825158,7.19419458960635,1.9772223979753243,0.28318958315437326,2.25298977569933,0.7912653350047871,2.0500283050336687,1.5553933332806822,0.7174142643166255,5.609073236867958,1.8644889435805645,1.9213828708014125,7.918693013808599,0.39059295917131803,3.538039246129711,0.1727834901919452
4/18/20,3.1204207061328506,0.683484953078758,0.0,2.472963298339529,1.2591937713648733,2.8851831495281854,6.737589637726057,30.376236190803155,6.880517250586385,12.894102577545274,3.482676037982959,6.272708547073994,3.0445292853271955,0.6356506802874836,2.4061799654741156,9.911756171429506,8.095399154424419,2.34543132165055,2.9176394992094914,3.088856324086387,27.232869428071023,2.38057687329082,6.963650077410646,20.094296658267687,23.060308163018657,2.145530062954462,5.1072711749310935,2.972969669220151,0.9356480017365627,0.7754310362653587,4.90234910179874,0.2206351202571723,45.79951565998926,2.527626239431065,70.30622270592195,1.7829758037788408,1.1810062698310637,3.626867836936022,3.858295334970186,3.310613092691354,1.7070765673630195,8.139360219728356,2.0454024806641287,0.28318958315437326,2.311256752657071,0.7912653350047871,2.064671364355338,1.6416124759237354,0.7797981133876365,5.929591707546127,2.7967334153708467,1.9213828708014125,8.050014622661147,0.39059295917131803,3.641088932910188,0.1727834901919452
